856,944 1284,1372 1790,1883 313,350 913,918 2351,2400 2490,2538 1656,1696 1141,1172 230,231 2362,2363 1302,1390 1478,1523 102,150 1576,1578 2232,2299 2139,2205 237,241 2362,2379 404,446 2467,2492 380,473 16,41 440,481 30,40 940,959 2919,2924 859,936 524,544 1201,1246 170,183 1943,1948 2243,2301 1796,1797 854,933 1185,1226 693,739 2685,2711 1824,1829 1563,3076 2018,2089 1998,2032 2409,2463 603,794 1615,1637 2561,2623 834,876 402,436 1359,1445 1420,1547 198,268 2156,2187 2340,2397 1758,1786 1433,1455 2603,2657 343,355 719,773 1732,1736 1088,1089 2104,2121 2401,2415 1249,1252 320,359 541,545 1293,1385 3019,3023 1692,1757 1734,1784 2565,2572 1927,2062 1451,1483 1276,1306 1578,1643 2302,2361 1911,1998 1355,1418 2722,2749 2609,2635 1297,1368 1928,1991 1456,1508 1056,1122 2939,2953 565,614 578,580 106,148 2457,2521 379,418 1896,1950 7,49 1878,1905 78,137 1277,1360 2115,2130 654,655 619,661 557,610 356,365 1302,1306 2127,2192 809,839 1085,1121 1879,1880 1890,1958 2275,2348 1621,1665 1782,1887 247,412 1747,1769 780,806 1815,1816 951,1004 608,609 813,866 1103,1109 296,380 645,3054 906,973 2134,2199 1961,1995 683,741 3004,3023 2704,2726 430,547 2064,2071 1994,2004 1922,1996 322,369 2867,2875 1584,1686 507,577 2169,2212 550,581 2937,2950 1106,1214 2696,2719 1007,1118 2125,2157 751,817 1182,1377 1002,1105 1198,1227 1218,1337 1314,1350 1090,1172 2449,2476 2933,2934 413,415 2132,2188 1262,1281 152,176 1986,2065 180,188 1954,2007 1446,1492 1061,1062 2109,2118 1438,1472 607,624 1359,1464 1640,1662 773,782 2054,2063 488,595 2636,2644 54,67 1674,1736 923,989 248,288 1804,1902 1114,1219 492,513 2268,2335 2581,2633 936,999 826,829 341,394 74,104 2275,2301 2277,2285 2462,2480 2495,2535 1184,1236 1496,1623 364,403 627,628 2524,2551 1745,3074 717,737 837,840 638,647 573,592 2760,2802 2047,2149 53,64 370,432 613,678 1193,1217 833,884 169,193 1675,1746 1399,1467 354,433 1465,1542 862,935 134,182 958,966 1770,1849 565,566 2872,2876 3053,3061 1381,1515 874,944 2378,2443 2188,2220 2523,2585 2244,2266 749,750 1553,1617 71,85 208,236 2083,2160 2649,2680 138,139 1219,1323 2371,2422 2353,2368 1820,1823 191,218 1944,2006 1033,1060 1641,1677 2681,2695 223,251 1670,1687 2960,2977 1739,1792 934,937 1023,1089 2379,2434 514,3005 353,422 2049,2076 2514,2554 2882,2884 959,1065 378,458 1659,1688 1741,1759 958,1018 650,3044 945,946 2682,2716 2261,2352 2762,2763 1752,1793 1019,1038 1459,1481 557,559 1273,1291 871,962 2546,2586 380,501 654,740 1668,1689 1586,1603 754,822 2250,2372 2483,2543 214,280 1476,1551 907,1047 1836,1878 2592,2671 1128,1171 1550,1583 1426,1487 1949,1992 2060,2070 2634,2640 2444,2450 2101,2103 1842,1863 2577,2684 727,760 1897,1931 2855,2873 1842,1880 1884,1965 275,278 523,553 2157,2197 1406,1448 1764,1955 231,252 215,249 1285,1342 2791,2833 2744,2745 1173,1176 1214,1320 1203,1280 1322,1334 1541,3075 2042,2102 3007,3026 1252,1313 2422,2458 2691,2692 855,927 1378,1439 755,824 1268,1356 672,700 385,430 465,505 1803,1868 1030,1059 720,741 1254,1380 1431,1433 2138,2180 1788,1835 2493,2526 2214,2215 2908,2913 1662,1692 2112,2158 1788,1850 1078,1159 1950,1998 2146,2186 2636,2686 1006,1115 1121,1185 1736,1763 1954,2013 298,341 741,809 2605,2654 1296,1338 1130,1148 312,340 2020,2051 144,227 1306,1391 308,382 1729,1740 1102,1178 2179,2271 493,601 180,212 2841,2849 2927,2937 464,502 1066,1070 694,706 2022,2034 49,95 1567,1714 2701,2702 2374,2439 1865,1882 1561,1564 1906,1986 1035,1096 904,994 888,954 1977,2003 2759,2766 121,151 2225,2268 356,399 793,850 2327,2356 453,483 423,604 881,970 722,729 2027,2092 84,112 2154,2247 1681,1705 2631,2670 2772,2774 2340,2356 2009,2058 2222,2256 488,492 118,137 887,892 1125,1137 58,101 638,646 879,929 859,860 209,213 679,747 1647,1708 1702,3071 2282,2346 1194,1329 1741,1748 311,384 426,427 2950,2963 1973,2040 2914,3077 2472,2518 1352,1432 779,853 504,538 532,564 1238,1286 878,943 2094,2138 2971,2992 2570,2596 897,1011 2061,2064 324,379 682,762 534,535 2709,2717 37,52 444,504 1398,1456 256,292 1389,1403 2544,2591 689,771 2191,2223 660,3052 651,668 2995,3001 675,679 1917,1935 156,198 91,108 2757,2786 715,763 3043,3057 335,375 2792,2804 2776,2783 1369,1436 1211,1319 187,223 176,207 1207,1619 2195,2209 941,985 635,692 2529,2601 2976,2977 2263,2280 583,643 1003,1007 771,833 943,956 2183,2240 938,969 2571,2648 2440,2504 206,211 990,1079 68,69 1480,1518 2943,2969 1014,1041 1921,1958 1516,1526 1348,1375 2248,2307 1107,1170 1739,1751 1344,1371 1504,1519 2167,3079 2689,2690 829,886 158,199 2368,2442 1250,1268 2963,2984 438,440 1208,1231 2165,2249 1838,1914 2521,2572 872,948 699,778 2640,2682 2626,2627 1047,1141 1020,1086 603,795 552,597 1460,1503 2782,2816 459,471 1691,1756 2530,2553 2306,2373 1692,1697 2204,2229 559,569 264,265 531,593 254,266 2562,2563 570,608 2276,2359 1546,1631 2443,2505 196,219 1825,1862 1781,1847 19,39 960,966 1811,1885 2014,2037 318,362 2574,2575 2124,2194 472,473 1247,1315 2659,2688 1620,1679 802,834 43,46 421,422 1904,1987 1115,1193 943,990 574,575 894,951 1622,3069 1643,1674 316,322 300,309 1080,1150 139,209 2206,2372 673,752 930,1000 2594,2635 1587,1610 2825,2843 2840,2850 2898,2903 1061,1092 825,828 804,870 1975,2025 1642,1653 1545,1632 1484,1543 348,389 666,3065 2348,2414 1893,1940 203,271 215,244 639,3067 314,336 2332,2560 1938,2015 1138,1147 306,347 3048,3049 1496,1524 2671,2715 261,295 3038,3058 1272,1331 2992,3016 1045,1072 2940,2953 352,374 741,810 1475,1476 1894,1895 2752,2789 967,1060 2595,2640 2294,2369 2678,2746 1091,1179 1336,1387 1233,1316 2269,2324 1341,1393 945,1048 2067,2144 24,87 273,2922 2876,2880 2630,2631 1871,1872 2625,2626 2930,2942 446,466 367,368 358,392 588,618 2957,2958 1676,1695 2647,2694 1168,1225 735,907 51,52 286,287 2526,2548 979,989 895,942 1796,1800 197,210 2902,2904 1025,1081 744,746 2507,2571 1976,2030 553,588 2726,2736 1911,1944 185,230 1003,1008 965,993 1584,1585 1779,1813 2252,2285 1004,1012 281,327 1367,1381 2055,3079 1677,1749 88,127 2502,2507 2918,2919 775,852 776,777 1027,1100 507,581 1017,1095 924,990 2645,2712 995,1051 2296,2368 2727,2730 226,240 817,821 168,228 1573,1590 721,728 2397,2428 2905,2908 661,714 1174,1259 1617,1634 2127,2188 200,202 1219,1361 1822,1909 2217,2300 2039,2151 1587,1645 129,173 4,28 3002,3003 1495,1508 5,6 340,366 757,849 2808,2823 2771,2798 2266,2358 529,598 1786,1889 391,409 2101,2157 308,325 212,215 520,537 188,221 2246,2333 798,805 2022,2077 1260,1283 2796,2805 525,568 1799,1812 2411,2445 14,32 1022,1045 2057,2128 2768,2794 2344,2405 1591,1681 639,684 566,612 865,957 464,500 302,310 2247,2265 1390,1471 1443,1507 2178,2199 562,584 2063,2147 251,289 1261,1264 2392,2399 975,989 1740,1828 2331,2390 1330,1349 2242,2289 490,507 1725,1918 577,629 1161,1230 360,401 1986,2066 1625,1750 1915,2009 2460,2469 1784,1836 2503,2563 859,934 819,879 2012,2097 172,173 1083,1122 1121,1136 884,952 1597,1638 2389,2433 2002,2080 2920,2928 1205,1267 2120,2189 788,789 998,1106 1533,3069 850,893 253,269 96,99 1832,1903 1234,1258 1780,1787 847,861 97,159 2851,2857 624,699 2954,2965 279,373 1246,1297 2764,2782 1289,1374 2355,2373 2491,2494 1875,1924 1388,1451 2129,2177 1031,1132 2074,2122 2468,2512 622,688 1467,1506 1769,1834 912,980 853,932 162,232 1265,1383 229,338 1139,1173 2076,2135 808,875 1060,1108 656,658 114,128 2362,2457 1408,1473 1936,2020 2459,2510 1521,1559 2727,2752 2661,2718 776,862 2845,2851 3031,3046 1304,1412 64,99 527,558 1764,1833 463,467 208,235 2761,2794 2136,2163 1050,1074 1538,1601 1667,1745 85,92 2059,2131 297,324 7,59 841,844 2642,2690 1532,1587 1373,1419 2060,2112 2388,2447 1721,3078 2265,2382 1332,1395 2657,2678 973,1055 149,175 2087,2169 1034,1038 2590,2620 1631,1724 467,468 1794,1837 681,761 2209,2284 288,333 2215,2216 2696,2716 949,1022 11,23 172,192 3023,3055 636,3047 1337,1360 278,284 153,154 399,444 2159,2208 1858,1923 2619,2686 2382,2407 334,397 2409,2470 2084,2175 1592,1650 963,983 1322,1420 1968,2082 1266,1280 1639,1682 1672,1685 2907,2909 787,858 1539,1602 2564,2615 2955,2972 522,589 257,293 1413,1513 999,1113 2251,2313 457,531 1458,1517 183,217 1841,1850 2697,2753 214,282 1637,1720 2477,2495 470,482 1902,1937 2373,2423 144,164 848,871 2635,2646 1481,1548 2948,2961 408,440 1511,1564 1616,1654 1886,1930 2817,2831 621,646 277,305 2090,2152 2984,2996 517,594 2107,2148 1338,1344 1982,2021 1704,1759 576,625 903,926 341,383 1600,1641 442,462 2437,2506 1175,1210 2964,2976 2481,2508 1256,1314 595,705 2645,2648 1437,1501 666,719 1781,1855 738,782 2910,2915 881,920 2811,2824 299,303 1439,1500 1910,1960 1197,1242 1325,1425 1044,1120 2828,2852 2592,2602 272,313 2500,2501 2257,2306 2027,2089 2974,2990 888,890 1696,1739 2026,2095 151,178 2308,2364 966,1023 1991,2011 2014,2110 304,328 1626,1698 1972,2019 765,835 2053,2124 339,351 1648,1680 2952,2953 102,143 1300,1339 2104,2105 2078,2170 1,3 2472,2552 1383,1480 1116,1195 1494,1571 1144,1204 1222,1228 2504,2505 3015,3021 1699,1762 189,201 1716,1859 1888,1954 950,982 626,702 74,105 897,928 1421,1545 1319,1421 1137,1186 818,836 689,734 2681,2778 1662,1699 2309,2314 975,1015 1158,1260 1978,1981 2921,2929 111,112 2185,2243 15,29 686,718 412,428 555,587 1719,1820 1873,1958 3012,3014 2375,2376 3024,3041 2176,2247 604,736 1743,3073 2850,2858 2747,2780 1073,1145 762,808 203,262 1346,1347 753,854 159,306 589,638 270,326 781,842 1419,1504 616,675 70,81 688,774 434,435 2093,2138 396,473 33,75 1905,1966 1417,1422 142,156 770,873 2318,2360 32,56 1761,1815 1112,1235 2637,2762 191,196 2539,2551 2298,2299 155,165 337,348 1188,1252 2203,2219 363,364 2699,2721 1895,1969 1207,1229 1543,1630 911,987 827,904 1830,1854 721,796 78,98 315,352 2596,2598 1342,1386 377,404 2627,2638 1118,1170 1245,1342 187,230 3025,3044 494,543 727,802 947,1062 443,464 2966,2978 2042,2101 2935,2949 803,997 2183,2234 179,184 2426,2450 204,238 774,855 816,892 1337,1340 2641,2683 673,677 2700,2729 197,209 91,121 1898,1976 695,729 2940,2951 1202,1267 2802,2809 2585,2601 2786,2815 470,514 2150,2183 1237,1270 512,545 385,561 1988,2068 1323,1423 3063,3064 378,2947 600,3054 3022,3053 556,606 2816,2829 772,893 298,335 1642,1649 2211,2213 1099,1178 1819,1904 647,648 2890,2891 2867,2876 2199,2236 259,264 1768,1884 991,1026 264,332 574,624 369,379 368,400 2823,2828 1166,1177 1846,1866 2803,2833 1575,1598 937,1002 474,511 275,276 1084,1142 663,758 1243,1261 1646,1673 1343,1411 882,885 885,941 1487,1614 825,856 2084,2098 147,174 2329,2385 1184,1290 524,596 2655,2656 2560,2576 1519,1580 2359,2363 2639,2662 1219,1220 790,1029 2254,2278 1037,1072 2441,2500 1221,1304 2245,2283 1366,1452 174,200 527,528 1211,1214 2305,2340 52,53 1805,3074 1909,1986 883,888 1672,3076 2209,2258 1189,1298 2119,2184 2113,2154 655,3055 1086,1133 1741,1777 1389,1470 2944,2956 2311,2415 1385,1438 510,554 227,296 198,255 645,662 2934,2945 1789,1791 1703,1734 93,94 1261,1274 843,914 1708,1710 1167,1171 1316,1367 2486,2542 290,320 1259,1286 1883,1946 2001,2181 784,792 513,577 2846,2855 931,1006 2594,2669 2690,2707 330,356 1919,1945 2899,2905 1995,2016 509,510 101,113 2583,2599 120,167 1962,2028 2850,2854 2015,2081 2429,2493 694,732 1397,1460 2584,2618 704,753 1230,1250 2916,2930 1227,1257 2996,2997 781,783 241,286 606,619 1486,1525 1588,1662 2123,2196 1156,1194 1510,1585 2675,2708 1897,1973 1445,1474 2133,2171 1939,1997 2714,2738 1058,1128 102,103 678,746 1776,1781 2381,2396 2047,2150 1124,1248 2546,2588 85,107 273,315 134,136 1925,1940 2579,2599 1579,1700 1391,1476 1321,1424 2451,2478 3039,3050 1821,1827 2110,2119 2891,2892 2680,2694 415,453 1109,1334 580,628 2099,2100 1293,1326 2710,2749 925,1016 2814,2825 1466,1573 406,438 2517,2532 2446,2487 1655,1691 1570,1715 1485,1497 1528,3075 2011,2057 3065,3066 2346,2379 1461,1478 2666,2701 2870,2878 1057,1225 1132,1150 2531,2547 1484,1531 846,880 2712,2713 956,1019 3013,3033 2074,2156 1351,1355 38,39 2046,2063 2310,2513 1123,1244 585,623 2958,2970 1813,1891 1795,1798 698,727 930,1001 2345,2405 1731,1733 1700,1760 318,358 1513,1606 1770,1772 1693,1793 1983,2034 236,254 1901,1948 464,497 420,603 1591,1638 338,372 702,779 2166,2179 1048,1080 1315,1393 2866,2872 1636,1708 386,395 2548,2571 2789,2804 169,194 2051,2072 2341,2383 1920,2012 2581,2595 2121,2162 1135,1205 2512,2550 605,1129 805,806 15,16 1483,1540 439,444 2503,2564 1069,1155 233,256 551,791 2828,2841 1254,1350 660,3051 12,13 2597,2661 2234,2256 1338,1354 952,953 644,785 1467,1527 436,463 1328,1345 96,172 2677,2756 1291,1307 2469,2514 1900,1952 2897,2903 2273,2326 1718,1787 307,371 2891,2893 568,609 1050,1140 968,1094 1860,1934 2302,2344 2186,2319 499,505 319,363 289,312 1708,1809 1810,1892 752,820 909,1054 465,503 1518,1607 1217,1325 685,726 2041,2044 2704,2706 768,831 425,493 2629,2650 2077,2139 410,411 1942,1979 1117,1212 2849,2862 1371,1440 896,900 1152,1236 127,206 532,540 713,800 1611,1612 1452,1454 1590,1619 244,294 2525,2602 1371,1397 55,68 2355,2418 292,328 416,431 2039,2043 1607,1697 2274,2365 2472,2476 9,10 1788,1842 631,3057 1822,1907 2247,2333 2936,2940 461,520 2644,2712 2978,3009 2912,2917 793,799 611,672 186,231 804,865 548,550 2745,2779 2372,2435 1190,1275 1318,1352 2516,2534 2220,2245 2776,2810 902,925 2179,2228 2300,2376 1539,1657 306,311 602,803 1315,1333 242,269 1364,1389 1659,1664 158,2895 2689,2691 2366,2370 2216,2297 2600,2655 696,766 110,117 799,832 106,122 445,468 1796,1869 133,135 123,146 2558,2627 1635,1713 1837,1882 2253,2304 1260,1271 1442,1493 2668,2706 2223,2269 906,962 1976,2038 2980,2995 984,1127 975,1052 1075,1365 34,133 3036,3037 484,531 2380,2452 1472,1544 2048,2082 1778,1788 134,190 3007,3027 282,370 986,1068 2174,2198 1309,1406 2647,2657 418,452 2716,2758 2725,2750 1831,1895 221,243 2071,2083 2782,2799 1548,1609 41,74 819,820 2519,2554 1427,1492 46,59 1775,1807 1443,1444 2518,2520 1654,1737 2036,2092 921,922 662,717 1061,1076 2034,2149 352,2968 939,972 257,292 2871,2874 676,754 3009,3035 982,1072 1311,3072 2263,2348 1980,2029 2294,2295 798,861 1187,1294 1407,1446 1717,1811 2807,2811 2029,2054 2147,2200 1792,1801 670,690 1298,1363 1056,1137 432,486 2372,2577 1005,1282 2161,2201 1436,1465 2967,2983 409,410 1353,1398 2492,2497 1726,1786 1264,1336 2863,2868 1861,1877 868,918 1574,1629 1130,1201 476,477 1513,1526 1857,1912 1380,1477 1281,1447 1824,1897 1971,2037 2496,2527 1449,1459 2982,2999 2787,2788 850,910 128,141 1793,1814 2102,2108 782,868 2358,2429 2693,2698 2783,2822 1341,1394 788,899 2555,2557 2106,2107 812,832 1081,1130 935,936 1206,1223 1713,1782 1531,1728 2347,2387 383,424 1689,3071 2545,2580 942,959 1554,1587 2153,2175 563,592 1509,1592 1259,1348 1493,1564 2911,2920 329,415 1519,1578 572,574 2611,2666 929,992 1211,1317 823,830 652,3053 1769,1771 764,807 1978,2051 2946,2959 2321,2406 705,787 1527,1617 2086,2112 1482,1572 1815,1876 612,679 904,920 608,610 2265,2303 1996,2071 2231,2286 2989,3007 529,530 896,903 227,353 2467,2473 89,119 2637,2675 1143,1238 327,441 2823,2838 2880,2883 536,538 815,884 513,516 3040,3060 1854,1962 2932,3077 1216,1241 3047,3048 1042,1083 2911,2915 650,716 915,1109 1767,1848 1982,2050 1029,1151 599,694 1024,1039 2924,2927 667,3067 2419,2464 2334,2342 1239,1366 2673,2765 933,1003 333,368 2668,2709 2999,3015 2428,2456 284,2923 2831,2854 2474,2519 897,898 2286,2323 3021,3037 321,334 500,534 1686,1742 2714,2724 840,912 1916,1988 1453,1623 1132,1202 2073,2091 2075,2087 2579,2620 426,428 1038,1049 481,498 1592,1604 1010,1116 1490,1587 1016,1035 2580,2607 952,1004 65,100 389,456 1335,1346 1395,1479 1412,1498 2941,2947 2264,2284 654,739 2852,2867 715,733 1723,1832 2930,2933 2755,2793 1386,1409 1240,1247 2843,2853 1313,1434 821,822 2484,2540 1159,1208 2439,2440 181,217 1672,1687 1999,2122 1009,1059 2007,2067 2830,2832 597,708 2977,2994 1149,1154 82,111 1911,1914 250,349 626,669 886,1044 1953,1994 2816,2834 1853,1899 1792,1838 2504,2558 299,344 887,979 1847,1905 1783,1788 2634,2685 2711,2725 1944,2009 2141,2142 2069,2111 2093,2168 680,721 92,130 252,273 2340,2351 213,222 1161,1200 589,590 2330,2386 1066,1087 1619,1956 1732,1761 2754,2800 2905,2909 767,835 2559,2562 1213,1324 104,149 2978,3000 992,1073 720,731 502,503 1535,1579 258,267 1328,1575 2210,2214 1018,1050 118,132 2491,2533 1934,1975 2459,2477 858,930 1648,1676 2620,2679 755,822 2155,2183 2547,2586 1273,1290 1228,1273 1614,1633 2367,2368 1301,1404 205,207 418,2969 2832,2840 19,20 3032,3034 1071,1166 1708,1709 1582,1625 1267,1279 56,77 3,42 2538,2612 2242,2281 1356,1428 579,630 343,427 2952,2962 1104,1105 1522,1555 1826,1862 1167,1209 2925,2928 2336,2385 2468,2475 3017,3028 2913,2922 1432,1471 1618,3080 542,3041 1626,1678 1881,1938 699,753 2279,2358 839,889 2552,2565 2877,2882 1120,1239 1515,1537 2757,2759 1534,1628 1986,1987 286,309 1685,1803 1255,1343 2973,2990 521,563 51,76 631,718 1332,1414 1890,1941 671,674 157,197 660,742 726,813 2236,2270 2101,2105 664,3059 1620,1648 697,714 1675,1703 2300,2332 2355,2419 2145,2212 1583,1658 1310,1383 664,714 1681,1694 1226,1289 1641,1649 600,659 791,905 444,446 876,967 1599,1642 2522,2523 105,106 1525,1569 285,383 194,226 261,316 2413,2465 411,434 1211,1216 1593,1622 1549,1615 745,798 2404,2466 2664,2704 2181,2352 1011,1111 1357,1431 2837,2855 904,977 281,373 378,2971 1017,1019 2774,2804 1398,1449 2177,2218 615,673 2623,2659 2293,2369 2993,3002 306,342 660,759 2782,2811 1198,1245 2746,2802 2313,2337 2485,2539 2553,2598 234,259 1719,1724 543,571 78,136 1974,2030 2447,2478 657,3056 1811,1889 1473,1534 1558,1663 2,4 487,549 2182,2238 1437,1488 160,168 2641,2663 482,527 2879,2887 362,367 1959,2017 490,491 2603,2609 1956,2254 483,506 2926,2928 2410,2578 1688,1745 305,343 2739,2743 2856,2857 30,72 31,47 541,3016 3013,3031 2582,2610 848,916 1418,1504 2616,2632 53,54 567,568 1984,2033 2173,2226 1134,1139 544,593 534,566 583,586 1817,1890 766,981 2392,2426 1090,1168 58,60 801,849 2313,2331 1237,1330 74,90 2211,2225 772,797 950,964 390,517 1363,1373 1673,1693 1412,1520 2365,2408 481,526 2789,2797 1960,2003 1263,1312 2333,2338 223,260 178,203 714,770 1845,1851 1212,1321 1966,2016 1458,1470 944,986 264,301 2459,2460 1856,1891 2932,2944 1951,2026 452,482 1864,1867 196,236 220,237 1786,1904 980,1014 1942,1972 2501,2506 2556,2621 3020,3038 1277,1325 2565,2628 988,1014 880,917 2391,2409 2715,2750 945,1032 2692,2693 2803,2827 6,7 1854,1870 341,420 1146,1181 2996,3014 532,560 1701,1731 2664,2665 1098,1146 1142,1143 2818,2819 1261,1295 1752,1774 150,177 1,2 2165,2179 2353,2429 1512,1570 1888,1970 1920,2025 2658,2696 3008,3017 2723,2747 2328,2337 893,949 2223,2260 437,467 583,651 2220,2224 692,3064 397,450 2079,2084 2778,2795 526,556 1614,1615 2770,2784 361,365 901,968 1828,1884 1501,1561 1654,1677 1491,1602 3045,3046 2322,2388 123,135 1611,1712 1464,1611 61,117 746,814 2237,2309 1694,1695 948,980 730,758 1748,1788 2436,2503 908,971 1325,1399 172,215 1236,1308 1358,1531 364,377 983,1038 2333,2425 769,831 2297,2376 2784,2793 2045,2072 2630,2637 592,620 1671,1690 2068,2143 1103,1104 987,1040 2901,2906 2095,2097 1875,2055 1208,1249 27,31 3027,3040 1938,1939 3058,3062 519,537 1258,1318 1073,1160 306,345 2457,2494 1486,1495 2107,2108 2817,2820 1202,1203 1025,1055 2655,2714 2764,2790 2828,2839 2653,2700 2903,2907 92,116 1288,1336 1054,1090 95,124 62,110 2017,2076 501,603 399,405 2682,2695 1874,1967 1991,2064 2805,2833 1124,1181 800,808 1411,3075 828,844 3029,3030 34,50 1840,1893 2356,2381 469,3005 1848,1945 1774,1923 2566,2568 659,711 970,1036 743,745 2852,2865 2618,2639 1953,1993 398,413 2344,2394 167,187 1940,1947 580,582 1810,1869 2601,2649 2622,2629 2114,2126 2882,2886 1448,1579 938,946 1415,1567 2116,2262 400,401 1028,1039 746,816 784,961 2171,2231 238,239 2931,2943 266,290 475,522 652,726 2816,2826 1565,1588 2821,2823 995,1027 591,651 112,153 1076,1136 2047,2050 14,29 302,337 623,689 482,523 985,1051 2163,2250 2370,2438 2487,2543 2143,2214 1907,1989 366,408 2185,2207 2999,3001 508,521 860,864 1268,1326 250,274 2196,2296 2089,2130 127,145 2038,2099 247,338 1900,1910 2860,2874 1536,1586 253,299 276,277 1743,1799 1634,1718 183,216 1101,1281 2230,2290 1275,1359 2735,2773 2197,2252 2147,2203 1321,1399 549,598 1585,1666 2412,2479 2339,2388 701,702 2731,2733 1566,1655 9,43 2260,2312 311,338 2308,2317 1964,2062 382,393 87,136 354,395 462,496 2158,2221 2245,2272 2746,2787 1369,1457 1035,1135 639,695 1827,1860 2587,2604 565,611 2420,2468 1785,1855 2567,2605 2532,2550 2349,2480 473,511 2508,2549 2896,2902 297,323 2965,2983 605,1179 1405,1477 2676,2698 913,958 1370,1706 232,3082 69,109 2773,2819 594,735 1511,1576 1173,1221 711,765 2972,2987 1014,1123 2498,2614 1747,1770 47,48 25,26 93,115 2001,3078 2667,2698 573,642 1368,1386 1015,1093 3052,3056 1166,3081 1063,1065 1412,1554 1513,1624 2011,2031 2458,2472 2159,2198 2387,2445 1131,1166 2592,2617 2235,2308 2611,2652 2134,2193 1064,1067 2437,2499 2573,2601 1737,1755 200,233 282,327 1722,1733 1294,1362 1033,1053 1859,1917 141,154 1028,1151 1133,1144 1920,1929 924,954 1043,1127 663,3060 1318,1413 213,270 1962,1963 2462,2513 554,572 1333,1388 1738,1755 1877,1943 1970,2043 1804,1806 1400,1494 1205,1268 3005,3006 1739,1759 623,641 901,919 2314,2356 1050,1128 1780,1886 2979,2998 1886,1970 576,578 2254,2343 1483,1509 1489,1552 140,178 1586,1618 1168,1233 2291,2328 1479,1491 1711,1794 595,694 2394,2455 2189,2257 1384,1416 2942,2959 1481,1574 2813,2830 1990,1994 764,783 1605,1668 349,417 1307,1339 1110,1219 1505,1572 1802,3074 88,161 1161,1162 1957,2262 832,851 748,821 1568,1727 1645,1684 433,477 789,843 693,707 2502,2537 126,162 533,534 2274,2319 759,828 1270,1299 381,385 720,842 495,515 2567,2611 1752,1839 994,1066 199,231 2607,2629 1823,1903 587,647 42,89 658,680 1942,2018 724,811 1610,1639 2086,2131 875,904 451,457 2128,2191 1933,1936 1097,1133 2929,2935 2054,2082 996,1044 2386,2452 392,433 2935,2948 2842,2847 2098,2106 2111,2217 1879,1913 1287,1298 639,3047 2360,2403 447,460 2454,2471 3039,3064 1730,1744 3032,3033 3043,3044 1154,1254 954,1015 1559,1601 1215,1251 2919,2920 2850,2859 7,88 2933,3077 294,314 2025,2073 2444,2473 0,22 1754,1803 1595,1677 1001,1103 2637,2710 2583,2613 1507,1612 479,540 1003,1082 1206,1224 1044,1075 1973,2002 687,1005 1698,1736 2760,2775 1849,1898 2497,2508 171,183 2686,2688 2883,2885 2874,2881 2953,2960 2835,2848 2180,2195 2697,2713 820,877 685,725 2745,2798 1796,3071 689,774 2152,2162 1474,1475 75,77 773,780 2312,2351 579,629 651,715 2970,2990 2978,2986 2204,2205 2721,2754 1272,1369 119,131 861,903 1184,1296 1913,1936 2427,2493 944,1061 2510,2530 3024,3040 2239,2315 2643,2661 138,156 245,254 2149,2241 410,449 2756,2757 872,877 256,291 834,865 1551,1635 1460,1522 2581,2597 2401,2536 2335,2409 113,125 1265,1303 2949,2964 1127,1370 2655,2705 2187,2232 515,543 1625,1691 1419,1455 2751,2758 2894,2897 1030,1112 609,676 1789,1844 2402,2433 1552,1556 289,331 2611,2616 1807,1808 2707,2744 1941,2027 634,3042 2074,2075 2777,2780 1665,1675 813,845 712,713 1829,1895 2517,2582 1142,1191 1675,1684 1454,1575 2085,2206 714,757 1034,1126 2170,2235 1430,1479 1248,1272 422,478 378,483 723,797 2606,2642 450,487 998,999 3034,3039 530,644 401,403 314,319 1180,1267 2452,2461 1470,1500 424,604 921,985 2668,2721 1623,1715 2050,2137 1115,1118 1198,1242 2176,2182 18,45 346,380 1727,1859 775,898 2022,2028 2362,2432 1010,1012 1720,1758 2342,2361 1064,1085 1558,1608 2543,2600 427,475 561,665 386,454 2421,2454 130,171 60,79 2414,2539 1160,1183 1968,2062 1528,1613 827,867 2555,2627 891,902 2218,2242 226,253 1869,1926 2492,2547 2172,2231 2214,2293 429,470 499,539 1852,1919 177,178 2271,2321 1182,1400 1644,1693 2769,2809 72,120 2135,2185 1377,1484 2712,2752 2758,2806 756,766 1404,1466 1572,1618 691,773 1708,1768 1372,1463 1816,1890 1628,1688 456,494 1853,1883 2836,2846 547,786 341,602 155,198 2159,2188 2076,2088 2035,2061 1481,1620 407,445 562,563 2000,2044 1227,1327 1940,2000 2417,2425 1078,1079 2004,2008 2861,2868 1060,1165 1557,1592 2201,2239 1675,1735 3036,3054 2465,2593 2298,2370 2672,2673 1122,1143 189,280 255,263 2560,2623 1240,1278 837,919 1650,1652 1915,1932 3011,3030 1514,1608 1226,1284 2700,2714 640,694 12,26 2311,2341 2872,2878 2277,2302 2983,2993 1276,1305 749,824 50,2889 484,552 2112,2124 2527,2579 2471,2534 220,221 2316,2329 1589,1599 1709,1782 1178,1273 271,307 2813,2818 1446,1461 1048,1077 63,86 1837,1887 82,104 603,766 1336,1392 216,272 2430,2431 489,594 541,591 2375,2441 1967,2163 1177,1240 2081,2149 2998,3020 2893,2899 826,961 2750,2782 2219,2311 1760,1829 2555,2559 2114,2134 1916,2007 2868,2877 1434,1448 1818,1840 857,858 1477,1594 2069,2141 2390,2447 1799,1851 2227,2298 1419,1502 594,709 2674,2690 767,838 1706,2181 1561,1627 594,601 1778,1813 176,208 633,686 2961,2975 1948,2029 2282,2287 2720,2746 1491,1596 479,480 2911,2912 1416,1488 38,51 1533,3076 2223,2267 124,155 1579,1625 1753,1956 2569,2611 2094,2161 944,972 829,863 785,899 68,138 1462,1514 522,563 1909,1985 2073,2113 2051,2108 1352,1468 2233,2326 1361,1422 1339,1398 2474,2488 909,974 2479,2538 1808,1840 1100,1169 13,14 304,371 2619,2687 3003,3010 28,65 650,663 653,670 318,332 1255,1304 504,505 2319,2386 2381,2393 2737,2767 955,1024 2423,2475 1282,1401 348,355 166,204 2844,2858 823,846 2637,2673 738,809 2694,2723 908,967 1244,1298 973,1020 796,893 2024,2073 2991,3008 1912,1915 1409,1485 2728,2731 2900,2908 681,3058 949,973 527,557 1744,1957 2416,2418 2541,2590 2742,2758 246,2922 2650,2651 2487,2542 224,225 2741,2794 1394,1446 1538,1539 1848,1866 1742,1756 2310,2325 2734,2740 627,705 2193,2255 2992,3009 2343,2357 1145,1174 1883,1905 2482,2528 2589,2594 2520,2581 518,554 1804,3074 3010,3031 1683,3073 2922,3077 1192,1266 993,1070 657,3055 2584,2585 1229,1312 1898,1908 2997,3013 2857,2866 317,388 1714,1822 1111,1190 671,677 1173,1223 44,57 1935,2056 1155,1158 2302,2307 2885,2888 126,195 1372,1441 2077,2146 2070,2129 1235,1377 21,37 1795,1964 2323,2388 1151,1157 2812,2830 2800,2815 1168,1179 2853,2867 2810,2817 2110,2155 2466,2508 940,986 658,684 2206,2349 2568,2630 52,83 1280,1347 1472,1481 1294,1311 1632,1724 1814,1815 57,92 2164,2310 2604,2643 1980,1993 1218,1253 42,55 113,143 1676,1747 1026,1027 294,339 669,704 2116,2350 1918,3079 744,771 2951,2955 1370,1570 2869,2875 2800,2827 2724,2732 47,80 649,698 978,1013 426,471 317,3082 1960,2031 1324,1399 710,715 766,996 682,3061 46,81 2898,2902 1210,1254 1992,2027 2117,2176 663,664 1156,1370 1355,1429 637,713 2411,2413 1269,1356 448,449 653,3062 1332,1349 2209,2213 66,87 2082,2118 2478,2541 2424,2475 2226,2242 1562,1636 271,334 2901,2909 1978,2052 1498,1530 80,107 2412,2489 281,283 2491,2548 3072,3081 2304,2331 2698,2743 1649,1733 991,1037 2105,2165 2202,2242 159,168 2981,2999 2511,2516 53,93 2010,2027 1136,1196 1281,1282 1965,2022 2005,2083 1470,1521 17,18 2535,2540 1341,1402 36,75 1759,1766 2435,2575 1697,1700 1284,1376 1672,1751 3049,3050 2187,2222 2038,2090 2924,2938 2181,2325 1546,1614 2390,2448 243,251 2702,2737 564,565 547,784 1581,1643 558,617 2061,2134 1650,1664 2456,2467 2748,2777 1529,1558 1074,1161 876,911 290,294 2221,2288 247,250 2385,2387 2495,2523 11,46 2088,2190 643,648 442,447 1743,1798 2140,2216 2801,2823 1619,1764 279,381 3028,3042 2190,2235 2985,3006 1473,3075 1382,1445 2549,2606 1381,1466 2612,2660 2492,2515 949,976 119,194 2330,2416 1618,1661 4,62 703,777 1123,1124 2978,3018 2162,2211 474,524 2210,2292 2652,2700 2377,2382 22,37 1070,1134 2871,2873 1064,1164 435,447 2699,2755 1433,1499 697,752 2703,2726 1729,1757 217,224 2236,2290 1826,1931 392,431 717,804 2837,2848 2395,2480 905,1029 808,848 1389,1410 2858,2863 2125,2174 325,353 2096,2133 12,35 2946,2958 2864,2865 2994,3011 99,114 162,163 830,3068 2254,3078 1445,1583 1030,1039 1716,1875 1804,1861 66,113 49,63 1609,1616 1040,1149 1009,1046 2499,2563 161,3082 550,607 2410,2480 2281,2318 1706,1707 2269,2320 2402,2421 143,201 1482,1509 914,1103 2360,2413 1191,1232 1618,1671 2988,3012 1069,1153 2660,2704 818,3068 389,461 1767,1817 478,485 1450,1494 2398,2428 346,414 714,769 1975,2023 2573,2621 1508,1556 1899,1940 1397,1435 1109,1110 2261,2498 1759,1789 632,3045 2235,2246 2676,2678 2624,2681 2511,2528 1630,1716 2749,2779 468,481 2734,2735 8,43 521,546 2599,2673 1396,1440 2316,2354 2979,2995 2684,2734 2605,2608 1560,1604 2384,2392 2542,2590 258,289 1097,1147 1592,1660 2875,2879 1803,1864 161,184 1685,1773 1264,1300 1021,1074 18,38 772,869 1573,1730 2683,2715 1137,1199 34,72 481,482 1215,1283 1743,3070 1651,3076 2084,2128 1754,1765 1162,1163 1025,1119 1769,1843 1901,1926 766,811 733,823 1379,1619 2169,2196 3007,3008 2359,2430 2033,2095 2412,2417 148,204 3020,3022 2778,2781 354,357 1871,1937 2785,2833 2259,2260 454,455 2588,2629 2509,2531 2977,2997 1257,1330 217,240 1557,1577 2453,2481 2832,2842 2489,2544 376,458 1408,1469 2809,2821 2715,2761 634,635 73,106 346,387 2046,2053 2733,2739 350,390 1301,1447 1289,1333 2233,2307 2818,2836 1728,1874 967,1013 1292,1331 1664,1669 1827,1858 2999,3000 2824,2832 2421,2496 419,454 1069,1187 1267,1355 358,391 1608,1730 32,58
22
3 2
9
65
930
930 1103
1105 937
1007 1008 933 1082
951 1012 952
1282 687
1115 931
1118 1003
1003
1059 1046
58 113
1116 1012
897 1111
1004 1010
978 967
1041 980 988 1123
975 1093 954
925 1035
1095 1019
958 1050
1038 956 1017
150 143 103
1086 973
1074
1045 949
1089 966
1039 955
1081 1055 1119
991 1027
1100 995 1026
1039 1151
790 1151 905
102
1059 1112 1039
1132
945
1060 1053
1038 1126
1096 1016 1135
970
1072 991
1019 1034 1049 983
1024 1028 1030
74 149 82
987 1149
1014
1083
1127
1120 886 996 1075
1072 1022
1009
907 1141
945 1080 1077
1038
74 106
1074 1140 1018 1128
995 985
975
1033
909 1090
973 1025
1122 1137
1225
1128
1030 1009
148 122 105 73
1033 967 1108 1165
1062 1092 1076 944
1061 947
1065
1067 1085 1164
959 1063
1070 1087 994
1064
986
1155 1153 1187
85 80
1066 993 1134
1166
1045 1037 982
1145 992 1160
1050 1161 1021
1365 1044
1061 1136
1048
1159 1079
990 1078
91
1150 1048
1025 1130
1003
1122 1042
1142
1121 1064
1020 1133
1066
1089
1088 1023
69
1172 1168 1054
1179
1061
1015
968
1017
1035
1133 1147
1146
1178
23 46
117 62
1027 1169
1281
1178
1109 1104 1001 914
1105 1103
1002 1104
1214 998
1170
1060
1103 1334 915 1110
112 82
1219 1109
1011 1190
1235 1030
999
1219
1006 1193 1118
1195 1010
1212
1007 1170 1115
1025
84 111 153
1044 1239
1085 1185 1136
1056 1083 1143
1244 1014 1124
1248 1181 1123
1137
1034
984 1043 1370
1171 1058 1050
605
101 125 143 66
1148 1201 1081
1166
1031 1150 1202
1086 1144 1097
1139 1070
1205 1035
1121 1076 1196
1125 1186 1056 1199
1147
1173 1134
128 99
1050
1172 1047
1084 1143 1191
1238 1142 1122
1204 1133
1073 1174
1181 1098
1138 1097
1130
1154 1040
93
1080 1132
1029 1028 1157
1236
1069
1149 1254
1069 1158
1194 1370
1151
1260 1155
1078 1208
92
1073 1183
1230 1200 1162 1074
1161 1163
1162
1064
1060
1177 1071 3081 1131
1171 1209
1225 1090 1233 1179
1100
110 61
1107 1118
1128 1167
1141 1090
1176 1139 1221 1223
1259 1145
1210
1173
1166 1240
1102 1099 1273
1091 605 1168
137 132
1267
1146 1124
1377 1400
1160
1236 1290 1296
1226 1121
1137
1294 1069
1252
1298
89 131 194
1275 1111
1142 1232
1266
1217 1115
1329 1156
1116
1136
1242
1227 1245 1242
1137
13 26 35
167 72
1161
1246 1130
1267 1132 1203
1280 1202
1144
1267 1135 1268
1223 1224
1619 1229
1231 1159 1249
1167
151 91
1175 1254
1319 1214 1317 1216
1117 1321
1324
1106 1320 1211
1251 1283
1241 1211
1193 1325
1337 1253
1114 1323 1361 1220 1110
106
1219
1304 1173
1228
1206 1173
1206
1168 1057
1185 1289 1284
1198 1257 1327
1222 1273
1207 1312
146 135
1161 1250
1208
1191
1316 1168
1258
1112 1377
1184 1152 1308
1270 1330
1286 1143
1366 1120
95 155
1247 1278 1177
1216
1197 1198
1261
1123 1298
1342 1198
1201 1297
1315 1240
1124 1272
1252 1208
113
1268 1230
1215
1249 1313 1188
1218
1380 1350 1154 1210
1343 1304
1314
1227 1330
1234 1318
1174 1286 1348
162 195
1283 1158 1271
1264 1243 1274 1295
1281
1312
1261 1336 1300
1383 1303
1280 1192
1205 1202 1279 1180 1355
1356 1250 1326 1205
1356
88 206 145
1237 1299
1260
1331 1369 1248
1291 1290 1228 1178
1261
1190 1359
1306 1305
1360 1325
1240
1267
114 141
1203 1266 1347
1262 1447 1101 1282
1005 1401 1281
1260 1215
1372 1226 1376
1342
1238 1259
1298
1336
1374 1226 1333
173
1184 1273
1273 1307
1331
1385 1326
1187 1362 1311
1261
1338 1184
1368 1246
1189 1363 1287 1244
1270
12 14
92 171
1339 1264
1404 1447
1390 1306
1265
1412 1221 1255
1276
1276 1302 1391
1291 1339
1236
1406
119
1383
3072 1294
1263 1229
1252 1434
1350 1256
1247 1393 1333
1233 1367
1211
1352 1258 1413
1211 1421
118
1214
1424 1212 1399
1334 1420
1219 1423
1213 1399
1425 1217 1277 1399
1293 1268
1227
1345 1575
1194
135 34
1349 1237 1257
1272 1292
1395 1414 1349
1315 1388 1289
1322 1109
1346
1387 1264 1288 1392
1218 1360 1340
1296 1344 1354
1300 1307 1398
182 136 190
1337
1393 1394 1402
1285 1386 1245
1411 1255
1371 1338
1328
1347 1335
1346 1280
1375 1259
1330 1332
133 123
1314 1254
1355
1432 1318 1468
1398
1338
1418 1351 1429 1267
1268 1428 1269
1431
1531
1445 1464 1275
134 78 87
1277 1337
1219 1422
1294
1298 1373
1389
1075
1452 1239
1381 1316
1297 1386
1436 1457 1272
78 118
1706 1127 1570 1156
1344 1440 1397
1284 1463 1441
1419 1363
1289
1348
1284
1182 1484 1235
1439
1619
139 156 68
1254 1477
1515 1367 1466
1445
1265 1480 1310
1416
1293 1438
1342 1409 1368
1336
1451 1333
1403 1470 1364 1410
138 209
1302 1471
1306 1476
1336
1341 1315
1341 1446
1332 1479
1440
1460 1371 1435
1456 1353 1449 1339
1467 1325 1321 1324
32 29 13
178
1494 1182
1282
1341
1389
1301 1466
1477
1448 1309
1446
1473 1469
1386 1485
128 154
1389
1343 3075
1304 1498 1520 1554
1513 1318
1332
1567
1384 1488
1422
1355 1504
1373 1504 1455 1502
156
1547 1322
1545 1319
1417 1361
1323
1321
1325
1487
1492
1356
1355
102 113 201
1479
1433 1357
1352 1471
1455 1431 1499
1313 1448
1397
1369 1465
1501 1488
1472 1385
1378 1500
227 164
1371 1396
1372
1493
1507 1444
1443
1359 1474 1382 1583
1492 1407 1461 1394
1281 1301
1406 1579 1434
1459 1398
127
1494
1483 1388
1366 1454
1623
1452 1575
1433 1419
1508 1398
1369
1517 1470
1481 1449
123
1503 1397 1522
1478 1446
1514
1372
1359 1611
1542 1436
1573 1404 1381
1399 1506 1527
1352
1408
174
1389 1458 1500 1521
1390 1432
1438 1544 1481
1408 1534 3075
1445 1475
1476 1474
1551 1475 1391
1380 1405 1594
1523 1461
1395 1491 1430
106 204
1518 1383
1459 1548 1574 1620 1472
1572 1509
1451 1540 1509
1543 1531 1377
1497 1409
1525 1495
1426 1614
1437 1416
1552
175 104
1587
1602 1479 1596
1446 1427
1442 1564
1571 1400 1450
1508 1486
1623 1524
1485
1412 1530
1433
29 16
102 177
1439 1470
1437 1561
1419
1460
1519 1419 1418
1572
1467
1443 1612
1456 1495 1556
1592 1483 1482
121 178
1585
1564 1576
1570
1413 1606 1526 1624
1608 1462
1381 1537
1526
1458
1480 1607
1504 1580 1578
176
1412
1559 1470
1555 1460
1478
1496
1486 1569
1516 1513
1467 1617
3075 1613
1558
154 112
1498
1484 1728 1358
1587
3069 3076
1628 1473
1579
1586
1515
1601 1539
1602 1657 1538
153 141
1483
3075
1465
1484 1630
1472
1632 1421
1631 1614
1420
1481 1609
1615
165 198 124
1583
1476 1635
1489 1556
1617
1587 1412
1522
1552 1508
1592 1577
1663 1608 1529
1521 1601
198 142 138
1604
1564 1501 1627
1636
3076
1561 1511 1493
1588
1655
1714 1415
1727
1525
197
1715 1512 1370
1494
1482 1505 1618
1590 1466 1730
1629 1481
1598 1328 1454
1578 1511
1557
1576 1643 1519
1700 1535 1448 1625
199 2895
1519
1643
1625
1550 1658 1445
1686 1585
1584 1510 1666
1603 1536 1618
1610 1645 1532 1554 1490
1662 1565
1599
97 306 168
1573 1619
1681 1638
1650 1509 1604 1557 1660
1622
1477
1677
1491
1638
1575
1642 1589
41 15
168
1641
1538 1559
1539 1491
1586
1592 1560
1668
1513
1518 1697
1558 1514 1730
1548 1616
88 3082 184
1587 1639
1612 1712 1464
1611 1507
1528
1487 1633 1615 1546
1637 1549 1614
1654 1609
1553 1634 1527
3080 1586 1572 1661 1671
1207 1590 1956 1764 1379
232 126 163
1679 1648 1481
1665
3069 1593
1496 1453 1715
1513
1750 1582 1691 1579
1698 1678
1561
1534 1688
1574
162
1543 1716
1546 1724
1545 1724
1614
1617 1718
1713 1551
1708 1562
1615 1720
1597 1591
1682 1610
144
1662
1677 1600 1649
1653 1649 1599
1578 1674 1581
1693
1587 1684
1673
1708
1680 1676 1620
1642 1641 1733
155
1592 1652 1664
3076
1650
1642
1616 1737 1677
1691 1566
1696
1539
1583
1688 1664
204
1592
1618
1640 1692 1699 1588
1558
1659 1650 1669
1621 1675
1585
1745
1689 1605
1664
120 187
1687
1690 1618
1685 3076 1687 1751
1646 1693
1736 1643
1746 1703 1665 1684 1735
1695 1648 1747
1641 1749 1654 1595
1626
1620
228 160 159
1648
1705 1591 1694
1639
3073
1645 1675
1672 1803 1773
1584 1742
1670 1672
1659 1745 1628
1668 3071
193 194
1671
1756 1655 1625
1757 1662 1697
1793 1673 1644
1681 1695
1676 1694
1656 1739
1692 1607 1700
1626 1736
1762 1662
18
183
1579 1760 1697
1731
3071
1734 1675
1759
1681
1370 2181 1707
1706
1647 1710 1636 1809 1709 1768
1708 1782
183 130
1708
1794
1611
1635 1782
1567 1822
1570 1623
1859 1875 1630
1811
1787 1634
1820 1724
173 192 96 215
1637 1758
3078
1733
1832
1631 1719 1632
1918
1786
1568 1859
1531 1874
1740 1757
129 172
1744 1573 1608
1733 1701
1736 1761
1731 1722 1649
1784 1703
1675
1732 1674 1763 1698
1654 1755
1755
1792 1751 1696 1759
147 200
1729 1828
1759 1748 1777
1686 1756
3073 1799 1798 3070
1730 1957
3074 1667 1688
1675
1769 1770 1676
1741 1788
1677
149
1625
1739 1672
1793 1774 1839
1956
1803 1765
1737 1738
1691 1742
1692 1729
1786 1720
1741 1704 1739 1766 1789
152 207 208
1700 1829
1815 1732
1699
1736
1955 1833 1619
1754
1759
1848 1817
1884 1708
1747 1834 1771 1843
150 178
1849 1772 1747
1769
1770
1685
1752 1923
1807
1781
1741
1788 1813
1813
151 203 140 177
1787 1886
1847 1855 1776
1887 1713 1709
1788
1734 1836
1855
1758 1889 1726 1904
1780 1718
1835 1850 1842 1778 1783 1748
1791 1844 1759
184
1883
1789
1739 1801 1838
1752 1693 1814
1837 1711
1798 1964
1797 1800 1869 3071
1796
1795 1743
1812 1743 1851
45 17 38
188 212
1796
1792
3074
1868 1685 1754 1864
1902 1806 3074 1861
3074
1804
1775 1808
1807 1840
1708
217
1892 1869
1885 1717 1889
1799
1779 1891 1778
1793 1815
1816 1761 1876 1814
1815 1890
1890 1767
1840
1904
134
1823 1719
1827
1909 1907 1714
1820 1903
1829 1897
1862
1862 1931
1821 1860 1858
1740 1884
1824 1895 1760
170 217 216 171
1854
1895
1903 1723
1764
1769
1788
1878 1784
1794 1882 1887
1914 1792
1752
179 161
1893 1818 1808
1850
1863 1880 1788
1769
1789
1851
1866
1781 1905
1767 1945 1866
1770 1898
230
1788 1841
1845 1799
1919
1899 1883
1830 1962 1870
1781 1785
1891
1912
1923 1827
1716 1917 1727
231
1934 1827
1877 1804
1825 1826
1842
1867 1803
1882
1846 1848
1864
1803
1796 1810 1926
223 230 167
1854
1872 1937
1871
1958
1967 1728
1924 2055 1716
1815
1861 1943
1905 1836
1880 1913
180 221
1879 1842
1938
1865 1837
1790 1946 1853 1905
1965 1768 1828
1811
1930 1780 1970
1782 1837
1954 1970
1786 1811
201 280
1958 1941 1817 1816
1813 1856
1810
1940 1840
1895
1894 1969 1831 1829
1950
1931 1973 1824
1976 1849 1908
1853 1940
39 20
134
1952 1910
1948 1926
1804 1937
1832 1823
1987 1819 1786
1878 1966 1847 1883
1986
1822 1989
1898
1822 1986 1985
218 196
1960 1900
1998 1944 1914
1857 1915
1879 1936
1838 1911
2009 1932 1912
1988 2007
1935 1859
1725 3079
1945 1852
172
2012 2025 1929
1958
1996
1858 1774
1875
1940
1869 1901
2062
1991
1920
169
1886
1897 1826
1915
1936
1860 1975
1917 2056
2020 1933 1913
1902 1871
2015 1881 1939
1997 1938
169 226 119
1893 1925 1947 2000 1899
1890 2027
1979 1972 2018
1948 1877
2006 1911 2009
1919 1848
1883
1940
1943 1901 2029
1992
126
1896 1998
2026
1900
1994 1993
2007 2013 1888
1764
1619 2254 1753
2262 1744
1890 1921 1873
2017
219 191 236
1910 2003 2031
1995
2028 1854 1963
1962
2062 1795
1884 2022
1905 2016
1874 2163
2082 2062
1895
210 209 157
1888 2043 1886
2037
2019 1942
2040 1897 2002
2030
2025 1934 2023
2030 1898 2038
2003
1981 2051 2052
1942
268 156 255 155
2029 1993
1978
2021 2050
2034
2033
1909
2065 1906 2066 1909 1987
1904 1986
2068 1916
1907
158 231
1994
1928 2011 2064
1949 2027
1953 1980
2004 1953 1990
1961 2016
1922 2071
1939
2032 1911 1950
2122
4 1
19
202 174 233
2044 1940
2181 3078
2080 1973
1977 1960
1994 2008
2083
1944
1954 2067 1916
2004
2058 1915 1944
189 143
2027
1991 2057 2031
2097 1920
1954
2037 2110
1938 2081
1995 1966
1959 2076
2089 1942
1972
200
2051 1936
1982
2034 2077 2028 1965
1975
2073
1975 1920 2073
2095 1951
2092 2089 1941 1992 2010
1962 2022
1980 2054 1948
271 262 178
1976 1974
2011 1960
1998
1984 2095
2022 1983 2149
2061
2092
2014 1971
1976 2099 2090
2151 2043
238 166 148
1973
2044
2102 2101
2039 1970
2041 2000
2072
2063 2053
2149 2150 2050
2082
2076
207
1982 2047 2137
2020 2072 1978 2108
1978
2124 2046
2063 2029 2082
3079 1875
1935
2128 2011
2009
2131
211 127
2070 2112
2064 2035 2134
1927 1964 1968
2054 2147 2046
2071 2061 1991
1986
1986
2144 2007
1988 2143
2111 2141
176 205
2060 2129
2064 2083 1996
2051 2045
2091 2025 2113 2024
2122 2156 2075
2087 2074
2049 2135 2017 2088
2022 2139 2146
2170
2084
236 235 176
2002
2015 2149
1968 2048 2054 2118
2160 2071 2005
2175 2098 2079 2128
2206
2112 2131
2169 2075
2076 2190
2018 2027 2130
213 139 197
2152 2038
2073
2027 2036
2138 2168
2138 2161
2026 2097 2033
2133
2012 2095
2084 2106
2100 2038
37
197
2099
2103 2157 2042 2105
2042 2108
2101
2121 2105
2104 2101 2165
2107 2098
2148 2106 2108
2102 2107 2051
2118
206
2014 2119 2155
2069 2217
2158 2060 2086 2124
2154 2073
2126 2134
2130
2262 2350
2176
2109 2082
2184 2110
180 215
2189
2104 2162
2074 1999
2196
2194 2053 2112
2157 2174
2114
2192 2188
2057 2191 2084
2177 2070
209 222 270
2115 2089
2059 2086
2188
2171 2096
2199 2193 2114 2061
2076 2185
2163
2050
2180 2094 2093
2205 2077
280 282
2216
2142 2069
2141
2068 2214
2067
2212
2186 2077
2063 2200 2203
2107
2047 2034 2241 2081
249 244 212 172
2183 2047
2039
2090 2162
2175
2247 2113
2183 2110
2187 2074
2125 2197 2101
2112 2221
2208 2198 2188
183 272
2083
2201 2094
2121 2152 2211
2136 2250 1967
2310
2249 2179 2105
2179
3079
2093
2212 2087 2196
183 181 224 240
2078 2235
2133 2231
2231
2226
2198 2125
2084 2153
2247 2182 2117
2129 2218
2199
2271 2166 2228 2165
191
2138 2195
2001 2352 1706 2325
2238 2176
2240 2234 2150 2155
2119
2243 2207 2135
2146 2319
2156 2232 2222
2132 2220 2127 2159
2120 2257
196
2088 2235
2223 2128
2127
2134 2255
2124
2209 2180
2123 2296 2169
2157 2252
2174 2159
2134 2178 2236
0 37
237 221
2147
2161 2239
2242
2219 2147
2229 2205
2139 2204
2372 2085 2349
2185
2159
2195 2284 2258 2213
188 243 220
2214 2292
2213 2225 2162
2169 2145
2211 2209
2215 2210 2143 2293
2214 2216
2215 2297 2140
2300 2111
2177 2242
2203 2311
213
2188 2245 2224
2158 2288
2256 2187
2191 2269 2260 2267
2220
2268 2211
2173 2242
2298
2179
2204
251 187 260
2290
2286 2171 2172
2299 2187
2326 2307
2183 2256
2308 2170 2190 2246
2199 2270 2290
2309
2182
2315 2201
225 217
2183
2149
2289 2281 2218 2226 2202
2301 2185
2266
2283 2220 2272
2333 2235
2154 2265 2176 2333
2307
2165
224
2372 2163
2313
2285 2197
2304
2278 1956 2343 3078
2193
2222 2234
2306 2189
2209
2260
240 194 253
2223 2312 2259
2352 2498
2116 1957
2280 2348
2284
2247 2382 2303
2244 2358
2223
2335 2225
2324 2223 2320
144 296 353
2236
2179 2321
2245
2326
2365 2319
2348 2301
2359
2285 2302
2254
2358
168
2263
2242 2318
2346 2287
2245
2209 2264
2277 2252
2231 2323
2282
2221
2242
338
2230 2236
2328
2210
2369 2214
2369 2295
2294
2368 2196
2216 2376
2299 2370 2227
2232 2298
11
231 185 187
2217 2376 2332
2243 2275
2361 2344 2277 2307
2265
2253 2331
2340
2373 2257
2248 2302 2233
2364 2317 2235
2314 2237
230 252 186 199
2513 2325 2164
2415 2341 2219
2260 2351
2251 2337 2331
2309 2356
2239
2329 2354
2308
2360 2281
2186 2274 2386
162 3082
2269
2406 2271
2388
2286 2388
2269
2310 2181
2273 2233
2356
2337 2291
2385 2316
256 200
2386 2416
2390 2313 2304
2560 2300
2246 2247 2338 2425
2342
2268 2409
2385
2313 2328
2333
2388
259
2397 2356 2305 2351
2383 2311
2334 2361
2254 2357
2405 2302 2394
2405
2282 2379
2387
2275 2414 2263
2480 2206
208
2116
2400 2340 2312
2261 2181
2368 2429
2316
2373 2418 2419
2327 2340 2381 2314
2343
2266 2429 2279
2276 2363 2430
208 254 196
2318 2403 2413
2302 2342
2363 2379 2457 2432
2362 2359
2308
2274 2408
2370
2368
2353 2442 2296 2367
2294 2293
241 220
2366 2438 2298
2422
2250 2206 2435 2577
2306 2355 2423
2439
2376 2441
2375 2300 2297
2382
2443
2362 2434 2346
204 239
2452
2396 2356 2393
2265 2407 2377
2341
2392
2329 2336 2387
2330 2452 2319
2347 2445 2385
2447 2322 2339 2323
2433
238
2331 2447 2448
2409
2399 2426 2384
2381
2344 2455
2480
2381
2340 2428
2428
2392
87
226 217
2351
2415 2536
2433 2421
2360
2466
2344 2345
2321
2382
2365
2463 2470 2391 2335
237 286
2578 2480
2445 2413
2479 2489 2417
2465 2411 2360
2348 2539
2401 2311
2418 2330
2425 2412
2355 2416
2464 2355
269
2468
2454 2402 2496
2371 2458
2373 2475
2475
2333 2417
2450 2392
2493
2397 2456 2398
2493 2358 2353
221 251
2431 2359
2430
2362
2389 2402
2379
2372 2575
2503
2506 2499
2370
2374 2440
215 294
2504 2439
2500 2375
2368
2378 2505
2450 2473
2411 2387
2487
2388 2478 2390
2390
2476
254
2444 2426
2478
2380 2386 2461
2481
2471 2421
2394
2428 2467
2521 2362 2494
2422 2472
2510 2477 2460
2922
2469 2459
2452
2480 2513
2409
2419
2413 2593
2404 2508
2492 2473 2456
2512 2475 2420
2460 2514
412 338 250
2409
2454 2534
2518 2552 2476 2458
2467 2444
2519 2488
2468 2423 2424
2449 2472
2495 2459
2451 2447 2541
2412 2538
288
2462 2349 2395 2410
2508 2453
2528
2543
2540
2539
2542
2446 2543 2542
2474
2412 2544
215
2538
2494 2533 2548
2467 2497 2547 2515
2526 2429 2427
2491 2457
2535 2477 2523
2527 2421
2492 2508
2614 2261
2437 2563
26
349 274 247
2501 2441
2500 2506
2507 2537
2563 2564 2436
2440 2505 2558
2443 2504
2437 2501
2571 2502
2481 2549 2497 2466
2531
223 289 243
2459 2530
2516 2528
2468 2550
2310 2462
2554 2469
2492
2534 2511
2532 2582
2472 2520
2554 2474
231 273
2518 2581
2457 2572
2523
2585 2522 2495
2551
2602
2493 2548
2496 2579
2482 2511
2601
269 299 226
2553 2510
2547 2509
2517 2550
2491
2516 2471
2495 2540
2401
2502
2490 2612 2479
2551 2485 2414
266 236 245
2484 2535
2590 2478
2486 2487 2590
2483 2487 2600
2591 2489
2580
2586 2588
2531 2586 2492
2526 2571 2491
2508 2606
198 263
2512 2532
2524 2539
2472 2565
2530 2598
2514 2519
2557 2627 2559
2621
2555
2627 2504
2562 2555
292 233 291
2332 2576 2623
2623
2563 2559
2562 2503 2499
2615 2503
2572 2552 2628
2568
2605 2611
2566 2630
2611
293 292
2596
2648 2507 2548
2565 2521
2601 2621
2575
2574 2435
2560
2684 2372
2410
2599 2620 2527
267 289
2545 2607
2633 2595 2597 2520
2610 2517
2599 2613
2618 2585
2523 2601 2584
2546 2547
2604
2546 2629
2594
264 234
2620 2541 2542
2544
2671 2602 2617
2465
2635 2669 2589
2640 2581
2570 2598
2661 2581
2596 2553
2583 2579 2673
25 12
223
2655 2543
2529 2585 2649 2573
2592 2525
2657 2609
2587 2643
2654 2567 2608
2642 2549
2580 2629
2605
2635 2603
295 316
2582
2666 2652 2567 2616 2569
2538 2660
2583
2498
2564
2632 2611
2592
2584 2639
2686 2687
203
2590 2579 2679
2556 2573
2629
2561 2659 2560
2681
2626
2627 2625
2626 2638 2558 2555
2565
2650 2622 2607 2588
255
2631 2637 2568
2670 2630
2616
2581
2640 2685
2609 2594 2646
2644 2686
2762 2675 2630 2710 2673
2627
2662 2618
265 259 332 301
2634 2682 2595
2683 2663
2690 2606
2661 2604
2636 2712
2712 2648
2635
2694 2657
2571 2645
2680 2601
264
2629 2651
2650
2611 2700
2700
2605
2656 2600 2714 2705
2655
2603 2678 2647
2696
2688 2623
254 290
2612 2704
2718 2597 2643
2639
2641
2704 2665
2664
2701 2611
2698
2706 2709 2721
2594
258
2631
2592 2715
2673
2765 2672 2637 2599
2690
2708 2637
2698 2678
2756
2746 2657 2676
2620
198
2649 2694
2695 2778 2624
2716 2640 2695
2641 2715
2577 2734
2711 2634
2636 2619 2688
2619
2659 2686
2690 2691
253 242
2689 2642 2707 2674
2692 2689
2691 2693
2698 2692
2647 2680 2723
2681 2682
2719 2716 2658
2753 2713
2693 2676 2667 2743
2721 2755
31
326 213
2729 2653 2714 2652
2702 2666
2701 2737
2726
2726 2706 2664 2660
2655
2704 2668
2690 2744
2675
2717 2668
203 307 334
2749 2637
2685 2725
2645 2713 2644 2752
2712 2697
2738 2724 2655 2700
2671 2750 2683 2761
2682 2696 2758
2709
2661
2696
313 216
2746
2699 2754 2668
2749
2747 2694
2714 2732
2750 2711
2704 2736 2703
2730 2752
2731
2700
2922 315 252
2727
2733 2728
2724
2731 2739
2740 2735 2684
2773 2734
2726
2767 2702
2714
2743 2733
250
2734
2794
2758
2739 2698
2745 2707
2744 2779 2798
2678 2802 2787 2720
2780 2723
2777
2722 2710 2779
278 276
2725 2715 2782
2758
2789 2727 2712
2697
2800 2721
2793 2699
2677 2757
2786 2759 2756
2716 2751 2806 2742
2766 2757
275 277
2802 2775
2794 2715
2763 2637
2762
2782 2790
2673
2759
2737
2794
2809
305 276
2784
2798
2774
2735 2819
2772 2804
2760
2783 2810
2780 2748
2681 2795 2781
2745 2749
275 284
2747 2777
2778
2816 2764 2799 2811 2750
2776 2822
2770 2793
2833
2757 2815
2788 2746
2787
2752 2804 2797
373 381
2764
2833
2804
2755 2784
2768 2761 2741
2778
2805
2789
2771 2745
2782
4 65
214 189
2754 2815 2827
2823
2760 2809 2746
2833 2827
2792 2789 2774
2796 2833
2758
2811
2823
2802 2769 2821
327 373 283
2776 2817
2824 2807 2782
2830
2830 2818
2825
2786 2800
2782 2829 2834 2826
2831 2820 2810
2819 2813 2836
2818 2773
214 370 327
2817
2823 2809
2783
2808 2828 2838 2821 2801
2811 2832
2843 2814
2816
2803 2800
2852 2823 2841 2839
2816
281
2832 2813 2812
2817 2854
2830 2840 2842 2824
2791 2803 2805 2785
2816
2848
2846 2818
2855 2848
2823
2828
278 2923
2850 2832
2849 2828
2847 2832
2825 2853
2858
2851
2855 2836
2842
2835 2837
2841 2862
383
2840 2858 2854 2859
2857 2845
2828 2867 2865
2843 2867
2850 2831
2873 2846 2837
2857
2851 2856 2866
2850 2844 2863
2850
287 241 309
2874
2868
2849
2868 2858
2865
2852 2864
2872 2857
2875 2876 2852 2853
2863 2861 2877
2875
286
2878
2874 2873
2876 2866 2878
2855 2871
2871 2860 2881
2867 2869 2879
2872 2880 2867
2882 2868
2870 2872
2887 2875
248 333
2876 2883
2874
2884 2877 2886
2880 2885
2882
2883 2888
2882
2879
2885
50
251 312 331 258
2891
2890 2892 2893
2891
2891 2899
2897
158
2902
2903 2894
2903 2902
2905 2893
15 14
320 266 294
2908
2906 2909
2904 2896 2898
2898 2897 2907
2902
2908 2899 2909
2901
2909 2903
2913 2905 2900
2907 2905 2901
256
2915
2920 2915 2912
2917 2911
2908 2922
3077
2910 2911
2930
2912
2919
2924 2918 2920
256 328 257
2928 2911 2919
2929
273 2913 246 3077
284
2919 2927 2938
2928
2928
2937 2924
2920 2925 2926
2921 2935
257
2942 2916 2933
2943
3077 2944
2934 2930 3077
2933 2945
2949 2929 2948
2940
2950 2927
2924
2953
244 314 339 290
2953 2951 2936
2947
2930 2959
2969 2931
2956 2932
2934
2959 2958
378 2941
2961 2935
2935 2964
261
2937 2963
2940 2955
2953 2962
2939 2940 2952 2960
2965
2972 2951
2944
2958
2957 2970 2946
2946 2942
380 227
2977 2953
2948 2975
2952
2950 2984
2976 2949
2954 2983
2978
2983
352
2943 418
324 323
2958 2990
2992 378
2955 2987
2990
2990
2961
2977 2964
2960 2976 2994 2997
2966 3009 3000 2986 3018
2998 2995
341 335
2995
2999
2999
2967 2965 2993
2963 2996
3006
2978
2972
3012
3007
303 344 253
2974 2973 2970
3008
2971 3016 3009
3002 2983
2977 3011
3001 2980 2979
2984 2997 3014
2996 3013 2977
2979 3020
2982 3015 3001 2981 3000
1 42
40 72
309
2978 2999
2995 2999
3003 2993
3002 3010
3023
514 469 3006
3005 2985
3026 3027 2989 3008
3017 2991 3007
2978 3035 2992
264
3003 3031
3030 2994
3014 2988
3033 3031 2997
3012 2996
3021 2999
2992 541
3028 3008
2978
3023
310 337
3038 2998 3022
3015 3037
3053 3020
3019 3004 3055
3041 3040
3044
3007
3007 3040
3017 3042
3030
299
3029 3011
3046 3013 3010
3034 3033
3013 3032
3032 3039
3009
3037 3054
3036 3021
3058 3020
3050 3064 3034
328 371
3060 3027 3024
3024 542
634 3028
3057 3044
650 3025 3043
3046 632
3031 3045
636 3048 639
3049 3047
3048 3050
277 343
3039 3049
660
660 3056
3061 3022 652
645 600 3036
3023 655 657
657 3052
3043 631
3038 3062 681
664
347 159 311 342 345
3040 663
3053 682
3058 653
3064
3063 692 3039
666 3066
3065
639 667
830 818
1622 1533
371 271
1743
1702 1689 1796
1311 3081
1743 1683
1745 1805 1802 1804
1541 1528 1411 1473
1563 1672 1533 1651
2914 2932 2933 2922
1721 2001 2254
2167 2055 1918
382 325
1618
1166 3072
232 317 161300 286
47 27
302
384 306 338
340 289
350 272
336 294 319
352 273
322 261
388 3082
362 358 332
363 314
14 56 58
359 290
334
369 316
297
379 297
308 353
270
281 441 282
304 292
415
75
356
289
264 318
288 368
397 321 271
375 298
314
348 302
229 372 247 311
351 294
133 50 72
312 366
394 298 383 420 602
306
355 427 305
299
306
380 414 387
306
389 337 355
250 417
12
313 390
339
374 315 2968
422 227 325
433 395 357
343 348
365 399 330
354
392 318 391
320
75
401
365
318 367
364 319
403 363 377
356 361
340 408
368 362
367 400 333
322 379
52 21 22
432 282
307 304
338
279 281
352
335
458
404 364
458 2947 2971 483
418 324 369
39 51 18
473 296 501 346
385 279
308 393
341 424 285
311
430 561 381
395 454
346
317
348 456 461
19 38
517 350
409 358
358 433 431
382
341
386 354
473
334 450
413
356 444 405
28 2 62
30
368 401
360 400 403
436
364 401
446 377
399
438
445
440 366
391 410
16 74
411 409 449
410 434
247 428
415 398
346
413 453 329
431
349
379 452 2969
454
3 89 55
603 341
422
353 421 478
604
383 604
493
427 428 471
426 343 475
412 426
470
46 9 8
547 385
416 392
370 486
354 477 392
435 411
434 447
402 463
467
440 406
444
57
481 438 408
327
462 447
464
504 399 439 446
468 407
404 466 444
460 442 435
449
410 448
18
397 487
457
418 482
483 415
386 455 419
454
389 494
531 451
378 376
471
43 59 81 11
447
520 389
442 496
467 436
502 500 443 497
505 503
446
463 468 437
467 445 481
3005
31 48 80
482 514 429
459 426
473
380 472 396 511
511 524
522 427
477
476 433
422 485
540 480
47
479
440 498 526 468 482
470 527 452 523 481
453 506 378
531 552
478
432
549 450
595 492
594
7 95 63
507 491
490
513 488
601 425
543 456
515
462
464
481
505 539
6
34 2889
464 534
380 603
464 503
465 502
538 444 505
465 499 504
483
577 581 490
521
510
52 76 38
554 509
474 473
545
492 577 516
3005 470
495 543
513
594 390
554
537
37 51 53 83
537 461
563 508 546
589 475 563
553 482
544 596 474
568
481 556
558 528 482 557
527
598 530
64 52 54 93
529 644
593 457 484
564 540 560
534
535 500 566 533
534
538
520 519
504 536
499
67 53
532 479
545 3016 591
3041
494 571 515
524 593
541 512
521
430 786 784
550
487 598
68 42
581 548 607
791
597 484
523 588
510 572 518
587
606 526
610 559 527
527 617
557 569
32 77
532
385 665
584 563
592 521 562 522
532 565
614 566 611 564
565 612 534
568
525 609 567
559
44 92
608
543
574 554
592 642
575 624 572
574
625 578
507 629 513
580 576
630 629
101 60 32
578 628 582
550 507
580
643 586 651
562
623
583
555 647
618 553
522 638 590
7 46
589
651 541
573 563 620
531 544
517 735 489 709 601
488 705 694
524
552 708
529 549
694
5 7
58 79
3054 659
493 594
803 341
794 795 420 501 766
423 736 424
1129 1179
556 619
624 550
609 570 610
608 568 676
117
557 608
672 565
566 679
678
565
673
675
558
588
661 606
110 4
592
646
688
585 689 641
607 699 574
576
702 669
628 705
627 580
577 579
86 49
579
3057 718
3045
686
3042 635
692 634
3047
713
647 646 589
3067 684 695 3047
53 99
694
623
573
583 648
785 530
3054 662
638 621
638 648 587
647 643
698
100 28
3044 716 663
668 583 591 715
3053 726
670 3062
655 740 739
654 3055
658
3056 3055
656 680 684
600 711
87 113
3052 3051 742 759
619 714
645 717
758 3060 650 664
3059 714 663
561
3065 719
3067
651
626 704
54
690 653
674 677
700 611
752 677 615
671
679 616
754 609
673 671
613 746
747 675 612
69 55 138
721 658
761 3058
762 3061
741
639 658
726 725
718 633
1005
622 774
771 734 623 774
68 109
670
773
635 3064
739 707
706 732 599 595 640
729 639
766
714 752
727 649
778 624 753
49 59 6 88
81
672
702
626 779 701
777
753 669
595 787 627
694
693
597
594
85
715
659 765
713
800 712 637
661 697 664 770 757 769
763 733 651 710
650
737 662 804
686 631
773 666
30 120 34
741 731 842
728 796 680
729
797
811
685
685 813 652
760 802 698
721
722 695
106
758
720
694
715 823
689
907 594
604
717
782 809
693 654
104 105 41 90
654
683 720 809 810
660
745
746 771
798 743
744 678 814 816
679
821
750 824
33 77 36
749
817
673 820 697
854 704 699
822 676
824 822
766
849 714
663 730
660 828
51
727
681
682 808
715
807 783
835 711
696 981 756 603 996 811
835 838
831
831 714
56 75
873 714
689 833 744
893 797 869
719 782 780 691
688 855 689
852 898
777 862
776 703
699
853 702
137 98 136
806 773
842 783
773 738 868
781 764
792 961 547
644 899
547
858 705
789 899
788 843
60
1029
551 905
784
850 799
603
603
721 893
772 723
805 861 745
793 832
43
47 107
713 808
849
834 727
997 602
870 865 717
798 806
780 805
764
875 762 800 848
839 741 738
70 46
741
724 766
832
866 726 845
746
884
892 746
751 821
836 3068
879 820
111 104
752 819 877
817 822 748
754 821 755
830 846 733
755 749
828 856
829 961
904 867
825 844 759
826 886 863
52
823 3068
768 769
799 812 851
884 771
876 802 865
765 767
818
840 919
767
809 889
112
837 912
844
781 720
914 789
841 828
813
880 823
861
871 916 808
757 801
71 92 107
793 893 910
832
775
779 932
933 753
927 774
944 825
858
787 930 857
936 860 934
63
859 864
847 798 903
935 776
829
860
957 804 834
813
827
918 782
772
24 136 66
804
962 848
948 877
770
944
808 904
834 967 911
820 872
943
929 819
127 161 7
846 917
970 920
885
888
833 952 815
882 941
829 1044
892 979
954 890 883
839
119 42
888
902
887 816
850 772 949 796
951
942
900 903
1011 928 898
897 775
788 785
10 43
74
896
968 919
925 891
926 896 861
994 827 920 977 875
791 1029
973 962
1047 735
971 967
1054 974
108 121
850
987 876
980 840
918 958
843 1103
1109
848
880
913 868
901 837
85 130 116 57
881 904
922 985
921
989
990 954
1016 902
903
855
897
879 992
94 115 53
1000 1001 858
1006
853
854 1003
937 859
862 936
859 999 935
934 1002
969 946
972
93
959 986
985 885
895 959
878 956 990
856 874 986 1061 972
946 1048 1032
945 938
1062
872 980
1022 893 973 976
49 124
982 964
1004 894
884 953 1004
952
888 924 1015
1024
943 1019
865
966 1018 913
940 1065 942
99 172
966
784 826
871 906
983
950
993
958 960 1023
1060 876 908 1013
1094 901
938
159
881 1036
908
939 944
906 1055 1020 949
909
989 1015 1052
949
904
1013
989 887
78
912 1014 948
766
950 1072
963 1038
1127
941 1051 921
1068 944 940
911 1040
1014
923 979 975
96 64 114
1079 943 924
1026 1037
929 1073
965 1070
904 1066
1051 1027
1044 766
803
1106 999
936 1113 998
