0,22 1,2 1,3 3,31 3,42 2,4 5,6 6,7 9,10 9,43 11,23 11,46 12,13 13,14 15,16 15,29 17,18 19,20 19,39 21,37 22,37 25,26 4,28 14,29 30,40 27,31 31,47 14,32 32,56 32,58 34,50 34,72 12,35 36,75 37,52 18,38 38,39 16,41 41,74 42,89 8,43 43,46 46,81 47,48 47,80 7,49 49,63 49,95 50,2889 38,51 51,52 52,53 52,84 53,54 53,64 40,54 42,55 44,57 57,92 7,59 46,59 25,60 58,60 60,79 61,117 4,62 62,110 63,86 64,99 28,65 54,67 55,68 68,69 68,138 30,72 73,106 74,90 74,105 33,75 75,77 45,76 51,76 56,77 46,78 78,136 70,81 82,104 82,111 52,83 84,112 71,85 24,87 66,87 87,136 7,88 88,127 91,108 91,121 85,92 93,94 95,124 96,99 78,98 65,100 58,101 102,143 102,103 74,104 105,106 106,122 106,148 85,107 106,108 69,109 111,112 101,113 113,125 99,114 93,115 114,115 92,116 110,117 118,132 118,137 89,119 119,194 121,151 123,135 123,146 126,195 127,145 114,128 92,130 119,131 34,133 134,136 134,182 133,135 78,137 138,139 128,141 141,154 142,156 144,164 144,227 144,255 104,149 149,175 102,150 153,154 155,165 155,198 138,156 157,197 97,159 159,306 160,168 88,161 161,3082 126,162 162,163 166,204 120,167 159,168 168,228 169,193 170,183 130,171 96,172 172,215 129,173 172,173 147,174 148,174 174,200 152,176 176,207 150,177 177,178 140,178 151,178 178,203 179,184 171,183 183,216 161,184 185,230 186,231 167,187 180,188 134,190 172,192 169,194 191,196 196,219 156,198 158,199 200,202 143,201 189,201 203,271 204,233 205,259 127,206 206,211 205,207 139,209 197,209 209,213 197,210 180,212 213,222 213,270 214,282 212,215 215,249 216,272 181,217 183,217 191,218 220,221 188,221 221,243 187,223 223,251 224,225 194,226 226,240 226,253 206,227 227,296 187,230 230,231 199,231 162,232 232,3082 233,234 233,256 234,259 208,235 196,236 208,236 220,237 237,241 204,238 238,239 217,240 225,240 241,286 215,244 244,294 245,254 246,2922 247,250 247,338 247,412 250,274 250,349 243,251 231,252 252,273 253,269 236,254 254,266 198,255 255,298 256,291 257,292 257,293 258,267 258,289 259,264 223,260 203,262 264,265 264,301 264,332 198,268 242,269 270,326 271,307 271,334 275,276 275,278 276,277 277,305 278,284 279,381 189,280 214,280 281,283 284,2923 286,287 286,309 248,288 288,333 251,289 289,331 266,290 256,292 292,328 290,294 261,295 289,295 296,380 297,323 298,341 253,299 299,303 299,344 300,309 306,342 306,345 306,347 308,325 308,382 302,310 306,311 311,338 289,312 272,313 273,315 261,316 316,322 317,388 318,358 318,362 314,319 319,363 290,320 322,369 297,324 281,327 282,327 304,328 284,329 330,356 318,332 333,368 321,334 334,397 298,335 314,336 302,337 229,338 294,339 312,340 340,366 341,602 305,343 343,355 263,346 346,380 337,348 348,355 348,389 349,417 272,350 339,351 315,352 352,374 227,353 325,353 354,357 354,395 356,399 358,391 320,359 361,365 363,364 364,403 356,365 362,367 367,368 369,379 282,370 370,432 307,371 338,372 279,373 281,373 335,375 376,458 364,377 378,458 378,2947 324,379 379,418 380,473 380,501 381,385 285,383 341,383 383,424 311,384 385,430 385,561 386,395 386,454 346,387 389,456 389,461 390,517 391,409 358,392 392,433 382,393 341,394 396,473 399,444 368,400 360,401 400,401 401,403 377,404 399,405 406,438 369,408 408,440 409,410 410,449 410,411 411,434 398,413 413,415 346,414 329,415 416,431 418,452 418,2969 420,603 353,422 421,422 422,478 423,604 425,493 426,428 343,427 426,427 412,428 392,431 354,433 434,435 434,476 402,436 438,440 370,441 442,462 439,444 444,502 444,504 407,445 404,446 444,446 446,466 442,447 448,449 397,450 415,453 453,483 419,454 454,455 456,494 421,457 451,457 457,531 459,471 447,460 461,520 462,496 436,463 463,467 443,464 464,497 464,502 465,503 465,505 437,467 445,468 467,468 429,470 470,482 426,471 472,473 474,511 474,524 476,477 478,485 479,480 440,481 468,481 481,482 378,483 483,506 484,531 484,552 432,486 488,492 488,595 490,491 492,513 494,543 453,495 479,496 481,498 499,505 499,539 464,500 501,603 504,505 504,538 490,507 507,577 507,581 508,521 509,510 510,554 513,516 513,577 470,514 515,543 519,537 475,522 522,563 482,523 523,553 524,544 525,568 481,526 482,527 527,528 529,598 529,530 531,593 532,540 532,560 533,534 500,534 534,535 536,538 520,537 479,540 541,3016 542,3041 543,583 544,593 512,545 541,545 521,546 430,547 547,786 487,549 549,598 548,550 550,581 550,607 552,597 518,554 527,558 558,617 557,559 562,563 562,584 521,563 532,564 564,565 534,566 565,566 566,612 536,568 567,568 559,569 570,608 543,571 554,572 572,574 573,592 573,642 574,575 576,578 577,629 579,629 578,580 580,582 583,586 555,587 553,588 522,589 589,638 589,590 563,592 592,620 489,594 517,594 594,709 594,735 524,596 597,708 598,599 493,601 594,601 603,794 603,795 424,604 605,1129 556,606 606,619 607,624 608,609 608,610 568,609 557,610 611,672 611,613 613,678 565,614 615,673 588,618 621,646 622,688 585,623 623,641 623,689 574,624 576,625 626,669 627,628 580,628 579,630 631,634 632,3045 635,692 637,3062 638,646 639,3067 640,694 583,643 530,644 587,647 638,647 643,648 647,648 650,716 583,651 591,651 651,715 653,712 654,3061 654,655 656,658 657,3055 600,659 659,711 660,742 660,3052 619,661 645,662 650,663 663,758 663,664 664,714 664,3059 457,665 666,667 667,3067 651,668 669,704 670,690 671,674 673,752 616,675 675,679 673,677 612,679 658,680 680,690 680,721 681,3058 682,3061 683,741 639,684 633,686 689,771 691,773 595,694 599,694 639,695 649,698 698,727 624,699 699,753 699,778 672,700 626,702 701,702 702,779 703,777 704,753 595,705 627,705 705,787 694,706 693,707 712,713 713,800 661,714 697,714 714,769 710,715 715,733 715,763 662,717 717,804 631,718 686,718 666,719 720,741 720,842 723,797 685,725 685,726 726,813 727,760 727,802 721,728 695,729 722,729 730,758 720,731 694,732 689,734 735,736 735,907 604,736 717,737 738,782 654,739 693,739 654,740 740,866 741,809 741,810 743,812 745,798 678,746 744,746 679,747 747,816 749,750 679,751 697,752 674,754 676,754 755,822 714,757 660,759 681,761 682,762 764,807 711,765 603,766 696,766 756,766 766,811 766,981 767,835 767,838 768,831 769,831 714,770 770,873 744,771 772,797 719,773 688,774 689,774 774,855 775,852 775,898 776,777 779,853 773,780 780,806 781,783 781,842 773,782 764,783 547,784 644,785 787,858 788,789 789,843 551,791 791,905 784,792 721,796 796,893 793,799 799,832 800,808 801,849 602,803 798,805 805,806 762,808 808,875 738,809 809,839 724,811 813,845 746,814 815,884 816,892 751,817 817,821 818,3068 755,819 819,879 752,820 819,820 820,877 748,821 754,822 821,822 823,830 749,824 755,824 826,829 759,828 825,828 829,886 812,832 771,833 833,884 802,834 765,835 818,836 837,840 839,889 841,844 843,914 828,844 823,846 808,848 757,849 793,850 832,851 853,932 753,854 825,856 857,858 858,930 859,860 860,864 798,861 847,861 776,862 829,863 804,865 834,865 865,957 813,866 827,867 782,868 868,918 772,869 804,870 848,871 872,948 856,874 834,876 876,911 876,967 878,943 879,929 846,880 880,917 881,920 882,885 883,888 884,952 885,926 885,941 887,892 888,890 891,902 772,893 850,893 895,942 896,900 896,903 897,1011 897,898 788,899 901,919 901,968 902,925 861,903 903,926 827,904 875,904 906,962 908,967 908,971 909,974 909,1054 850,910 911,987 840,912 912,980 913,958 848,916 904,920 921,985 921,922 924,990 924,992 926,964 855,927 897,928 931,1006 854,933 933,1003 859,934 862,935 859,936 935,936 936,999 934,937 938,946 938,969 940,986 941,985 943,990 874,944 944,972 945,1032 945,946 947,1062 893,949 950,964 894,951 952,953 952,1004 953,1011 888,954 955,1024 872,956 943,956 956,1019 918,958 958,966 940,959 942,959 959,1065 960,966 784,961 826,961 871,962 963,983 965,993 917,967 967,1013 967,1060 968,1094 881,970 970,1036 939,972 906,973 949,973 975,989 975,1015 949,976 904,977 887,979 979,989 950,982 982,1072 984,1029 985,1051 944,986 988,1014 923,989 929,992 904,994 994,1066 766,996 996,1044 803,997 998,999 998,1106 930,1000 930,1001 937,1002 1003,1007 1003,1008 951,1004 687,1005 1006,1115 1007,1118 1009,1059 1004,1012 978,1013 980,1014 1014,1041 954,1015 1015,1093 925,1016 1016,1035 1017,1019 1017,1095 958,1018 1018,1050 973,1020 1021,1074 949,1022 1022,1045 966,1023 1024,1039 1025,1055 991,1026 1027,1100 790,1029 905,1029 1029,1151 1030,1039 1030,1059 1030,1112 1033,1060 1014,1034 1034,1038 1035,1096 1035,1135 991,1037 1037,1072 983,1038 1019,1038 1028,1039 987,1040 1042,1083 886,1044 1044,1075 1044,1120 1009,1046 907,1047 945,1048 1048,1080 1038,1049 1050,1074 1050,1128 995,1051 975,1052 1033,1053 973,1055 1056,1137 1058,1100 1060,1108 1061,1092 1061,1062 1063,1065 1064,1067 1064,1164 1066,1070 1066,1087 986,1068 1069,1153 1069,1187 993,1070 1045,1072 992,1073 1073,1145 1073,1160 1061,1076 1076,1136 1048,1077 1078,1079 1078,1159 990,1079 1041,1080 1080,1150 1025,1081 1003,1082 1084,1142 1064,1085 1020,1086 1086,1133 1088,1089 1023,1089 1054,1090 1091,1179 1094,1180 1097,1133 1097,1147 1101,1281 1102,1178 914,1103 1103,1104 1104,1105 1002,1105 1106,1214 915,1109 1103,1109 1109,1334 1109,1110 1110,1219 1011,1111 1112,1235 999,1113 1113,1115 1113,1117 1114,1219 1115,1193 1010,1116 1117,1212 1115,1118 1025,1119 1085,1121 1121,1136 1121,1185 1056,1122 1083,1122 1122,1143 1123,1124 1124,1181 1125,1137 1034,1126 984,1127 1043,1127 1127,1370 1081,1130 1130,1148 1130,1201 1131,1166 1031,1132 1070,1134 1134,1139 1136,1196 1138,1147 1139,1173 1050,1140 1047,1141 1141,1172 1142,1191 1142,1143 1143,1238 1133,1144 1144,1204 1148,1198 1063,1149 1149,1154 1132,1150 1028,1151 1072,1152 1152,1236 1069,1155 1156,1194 1157,1182 1155,1158 1158,1260 1159,1183 1159,1208 1161,1162 1161,1200 1161,1230 1162,1163 1060,1165 1071,1166 1100,1167 1090,1168 1168,1233 1107,1170 1118,1170 1128,1171 1167,1171 1090,1172 1173,1221 1173,1223 1175,1210 1067,1176 1173,1176 1166,1177 1099,1178 605,1179 1168,1179 1180,1267 1146,1181 1185,1226 1137,1186 1098,1188 1188,1252 1080,1189 1111,1190 1190,1275 1191,1232 1192,1266 1193,1217 1194,1329 1116,1195 1195,1275 1197,1242 1198,1227 1198,1242 1137,1199 1202,1267 1150,1203 1202,1203 1203,1280 1135,1205 1206,1224 1207,1619 1208,1231 1208,1249 1167,1209 1210,1254 1211,1214 1211,1216 1211,1319 1215,1251 1215,1283 1219,1220 1169,1222 1206,1223 1057,1225 1168,1225 1226,1284 1226,1289 1227,1257 1222,1228 1228,1273 1207,1229 1233,1316 1184,1236 1237,1270 1120,1239 1177,1240 1240,1278 1241,1334 1243,1261 1123,1244 1244,1298 1201,1246 1246,1297 1240,1247 1124,1248 1248,1272 1249,1252 1230,1250 1252,1313 1218,1253 1154,1254 1255,1304 1234,1258 1258,1318 1174,1259 1259,1286 1259,1348 1260,1283 1261,1264 1262,1281 1266,1280 1205,1267 1267,1355 1250,1268 1268,1326 1269,1356 1270,1299 1260,1271 1178,1273 1273,1290 1261,1274 1275,1359 1276,1305 1276,1306 1277,1325 1277,1360 1267,1279 1280,1347 1281,1282 1005,1282 1284,1376 1285,1342 1238,1286 1286,1302 1184,1290 1273,1291 1291,1307 1293,1384 1187,1294 1294,1311 1261,1295 1184,1296 1296,1338 1189,1298 1287,1298 1264,1300 1300,1339 1301,1447 1302,1390 1265,1303 1221,1304 1302,1306 1306,1391 1307,1339 1236,1308 1309,1406 1310,1383 1311,3072 1229,1312 1263,1312 1313,1434 1256,1314 1314,1350 1247,1315 1211,1317 1319,1421 1214,1320 1321,1424 1219,1323 1213,1324 1324,1399 1217,1325 1325,1399 1325,1425 1293,1326 1227,1327 1328,1345 1237,1330 1257,1330 1330,1349 1272,1331 1292,1331 1332,1349 1332,1414 1289,1333 1315,1333 1322,1334 1335,1346 1264,1336 1288,1336 1336,1387 1218,1337 1337,1360 1338,1344 1339,1398 1337,1340 1340,1359 1341,1394 1341,1402 1245,1342 1343,1372 1344,1371 1345,1454 1346,1347 1254,1350 1351,1355 1318,1352 1352,1432 1353,1398 1338,1354 1355,1418 1268,1356 1357,1431 1219,1361 1361,1422 1294,1362 1364,1389 1075,1365 1239,1366 1316,1367 1367,1381 1297,1368 1364,1368 1368,1386 1369,1457 1156,1370 1370,1570 1370,1706 1371,1397 1363,1373 1289,1374 1348,1375 1182,1377 1377,1484 1378,1397 1378,1439 1254,1380 1381,1466 1265,1383 1383,1480 1293,1385 1342,1386 1386,1409 1333,1388 1389,1410 1389,1470 1391,1476 1336,1392 1315,1393 1341,1393 1332,1395 1397,1435 1398,1449 1398,1456 1399,1467 1400,1453 1400,1494 1282,1401 1389,1403 1301,1404 1405,1477 1406,1448 1408,1469 1408,1473 1409,1485 1343,1411 1411,3075 1304,1412 1412,1498 1318,1413 1373,1419 1419,1455 1419,1502 1322,1420 1421,1545 1417,1422 1323,1423 1321,1426 1355,1428 1355,1429 1431,1433 1433,1499 1369,1436 1437,1488 1385,1438 1371,1440 1396,1440 1372,1441 1443,1507 1443,1444 1359,1445 1382,1445 1445,1583 1407,1446 1446,1492 1281,1447 1434,1448 1388,1451 1366,1452 1452,1454 1454,1575 1433,1455 1456,1489 1458,1517 1449,1459 1397,1460 1460,1503 1446,1461 1461,1478 1462,1514 1372,1463 1359,1464 1464,1611 1436,1465 1465,1542 1404,1466 1467,1506 1467,1527 1352,1468 1458,1470 1470,1521 1390,1471 1432,1471 1438,1472 1472,1544 1473,1534 1445,1474 1474,1475 1475,1476 1476,1551 1380,1477 1477,1594 1395,1479 1430,1479 1479,1491 1480,1518 1459,1481 1472,1481 1481,1548 1482,1509 1451,1483 1483,1509 1484,1531 1484,1543 1485,1497 1486,1495 1486,1525 1426,1487 1416,1488 1489,1552 1491,1596 1427,1492 1492,1618 1442,1493 1493,1564 1450,1494 1495,1508 1496,1524 1498,3075 1439,1500 1437,1501 1501,1544 1418,1504 1419,1504 1504,1519 1505,1572 1456,1508 1509,1592 1510,1585 1511,1576 1512,1570 1413,1513 1513,1624 1381,1515 1516,1526 1519,1578 1519,1580 1412,1520 1521,1559 1460,1522 1522,1555 1478,1523 1513,1526 1527,1617 1528,1613 1529,1558 1498,1530 1358,1531 1531,1728 1532,1587 1533,3069 1535,1579 1536,1586 1515,1537 1538,1601 1483,1540 1534,1540 1542,1582 1546,1631 1420,1547 1548,1609 1549,1615 1550,1583 1551,1635 1412,1554 1508,1556 1558,1608 1558,1663 1559,1601 1560,1604 1501,1561 1561,1627 1562,1636 1511,1564 1561,1564 1566,1655 1415,1567 1567,1632 1567,1714 1568,1727 1525,1569 1570,1715 1494,1571 1482,1572 1572,1618 1466,1573 1573,1590 1481,1574 1557,1577 1576,1578 1578,1643 1448,1579 1581,1643 1583,1658 1584,1585 1584,1686 1585,1666 1586,1603 1490,1587 1554,1587 1587,1645 1565,1588 1588,1662 1589,1599 1590,1619 1591,1638 1557,1592 1592,1604 1592,1650 1593,1622 1576,1597 1597,1638 1575,1598 1599,1642 1600,1641 1491,1602 1539,1602 1513,1606 1518,1607 1607,1697 1514,1608 1608,1730 1609,1616 1587,1610 1610,1670 1611,1712 1507,1612 1611,1612 1487,1614 1546,1614 1553,1617 1617,1634 1617,1720 1586,1618 1618,3080 1379,1619 1619,1764 1620,1679 1621,1665 1622,3069 1453,1623 1496,1623 1582,1625 1625,1691 1626,1678 1626,1698 1534,1628 1574,1629 1543,1630 1631,1724 1545,1632 1614,1633 1634,1718 1615,1637 1637,1720 1610,1639 1641,1649 1642,1649 1643,1674 1645,1684 1647,1708 1620,1648 1648,1676 1648,1680 1650,1652 1650,1664 1651,3076 1642,1653 1616,1654 1654,1677 1655,1691 1656,1696 1539,1657 1659,1688 1592,1660 1618,1661 1640,1662 1662,1692 1662,1699 1659,1664 1605,1668 1668,1689 1664,1669 1670,1687 1618,1671 1671,1690 1672,1751 1646,1673 1673,1693 1674,1736 1665,1675 1675,1703 1595,1677 1641,1677 1677,1749 1591,1681 1681,1705 1639,1682 1683,3073 1672,1685 1685,1773 1685,1803 1672,1687 1606,1692 1692,1757 1644,1693 1693,1793 1681,1694 1694,1695 1676,1695 1692,1697 1697,1700 1579,1700 1700,1760 1702,3071 1703,1734 1704,1759 1706,1707 1636,1708 1708,1709 1708,1710 1708,1768 1711,1794 1635,1713 1623,1715 1630,1716 1716,1859 1717,1811 1718,1787 1723,1819 1632,1724 1719,1724 1725,1918 1728,1874 1729,1740 1573,1730 1701,1731 1731,1733 1732,1761 1649,1733 1734,1784 1675,1735 1698,1736 1732,1736 1654,1737 1680,1738 1696,1739 1739,1751 1740,1828 1741,1759 1686,1742 1742,1756 1743,1799 1743,3070 1730,1744 1667,1745 1688,1745 1675,1746 1676,1747 1747,1769 1747,1770 1741,1748 1625,1750 1750,1826 1752,1839 1753,1956 1754,1765 1737,1755 1691,1756 1729,1757 1739,1759 1759,1766 1759,1789 1699,1762 1736,1763 1767,1817 1767,1848 1768,1884 1769,1771 1769,1843 1770,1772 1752,1774 1774,1923 1722,1776 1776,1781 1741,1777 1778,1788 1781,1855 1713,1782 1783,1788 1785,1855 1726,1786 1758,1786 1786,1889 1780,1787 1748,1788 1788,1835 1789,1791 1776,1790 1739,1792 1792,1801 1752,1793 1793,1814 1796,1797 1796,1800 1795,1798 1799,1851 1754,1803 1804,1861 1804,3074 1804,1806 1775,1807 1807,1808 1708,1809 1811,1889 1799,1812 1778,1813 1779,1813 1761,1815 1814,1815 1815,1876 1815,1816 1816,1890 1817,1890 1819,1904 1719,1820 1822,1907 1822,1909 1820,1823 1823,1903 1824,1897 1825,1862 1826,1862 1821,1827 1827,1858 1827,1860 1828,1884 1824,1829 1830,1854 1831,1895 1723,1832 1764,1833 1769,1834 1784,1836 1794,1837 1837,1882 1837,1887 1792,1838 1808,1840 1818,1840 1840,1893 1841,1878 1788,1842 1789,1844 1845,1851 1781,1847 1848,1866 1848,1945 1770,1849 1788,1850 1841,1850 1771,1852 1853,1883 1853,1899 1854,1962 1857,1912 1727,1859 1859,1917 1860,1934 1842,1863 1803,1864 1864,1867 1846,1866 1803,1868 1796,1869 1810,1869 1854,1870 1871,1937 1871,1872 1873,1958 1875,2055 1861,1877 1836,1878 1879,1880 1842,1880 1865,1882 1883,1905 1883,1946 1884,1965 1811,1885 1865,1886 1782,1887 1890,1941 1813,1891 1856,1891 1810,1892 1854,1894 1894,1895 1897,1959 1849,1898 1899,1940 1900,1910 1900,1952 1901,1948 1804,1902 1832,1903 1786,1904 1904,1987 1904,1988 1847,1905 1878,1905 1907,1989 1898,1908 1909,1985 1909,1986 1911,1944 1911,1998 1913,1936 1838,1914 1911,1914 1912,1915 1915,2009 1786,1916 1919,1945 1920,1929 1920,2012 1921,1958 1858,1923 1875,1924 1869,1926 1901,1926 1926,1927 1927,2062 1928,1991 1886,1930 1826,1931 1897,1931 1915,1932 1934,1975 1917,1935 1933,1936 1902,1937 1881,1938 1938,2015 1938,1939 1893,1940 1925,1940 1942,1972 1942,2018 1877,1943 1943,1948 1944,2006 1940,1947 1948,2029 1896,1950 1950,1998 1888,1954 1954,2007 1764,1955 1619,1956 1956,2254 1833,1957 1890,1958 1910,1960 1962,2028 1962,1963 1795,1964 1905,1966 1966,2016 1874,1967 1967,2163 1968,2082 1895,1969 1970,2043 1971,2037 1897,1973 1973,2002 1973,2040 1974,2030 1975,2023 1898,1976 1977,2003 1978,2051 1919,1979 1942,1979 1980,1993 1978,1981 1982,2050 1983,2034 1984,2033 1906,1986 1986,1987 1988,2068 1990,1994 1991,2064 1949,1992 1953,1993 1953,1994 1994,2004 1961,1995 1922,1996 1939,1997 1999,2122 1960,2003 2005,2083 2007,2087 2004,2008 1944,2009 1991,2011 2011,2057 1954,2013 2014,2110 2015,2081 1995,2016 1959,2017 2018,2089 1972,2019 1936,2020 2020,2051 1982,2021 1965,2022 2022,2028 2024,2073 1920,2025 1975,2025 2025,2073 1951,2026 2026,2095 1992,2027 2010,2027 2027,2089 2028,2049 1980,2029 2029,2054 1976,2030 1960,2031 2011,2031 1998,2032 2033,2095 2022,2034 2034,2149 2036,2092 2014,2037 1976,2038 2039,2043 2040,2076 2041,2044 2041,2100 2000,2044 2047,2050 2047,2149 2049,2076 2051,2072 2051,2108 1978,2052 2046,2053 2053,2124 2054,2082 1935,2056 2057,2128 2009,2058 2060,2070 2060,2112 2035,2061 2061,2064 1964,2062 2046,2063 2054,2063 1986,2065 1986,2066 2007,2067 2068,2143 2069,2141 1996,2071 2032,2071 2064,2071 2071,2083 2045,2072 2074,2075 2074,2122 2076,2088 2022,2077 2077,2146 2079,2084 2002,2080 2048,2082 2083,2160 2084,2175 2086,2131 2075,2087 2087,2169 2089,2130 2073,2091 2027,2092 2027,2093 2094,2138 2094,2161 2096,2133 2012,2097 2095,2097 2084,2098 2098,2106 2038,2099 2099,2100 2042,2101 2101,2105 2101,2157 2042,2102 2101,2103 2104,2105 2104,2121 2105,2165 2106,2107 2107,2108 2102,2108 2110,2155 2069,2111 2086,2112 2112,2124 2112,2158 2073,2113 2113,2154 2114,2126 2115,2130 2116,2262 2116,2350 2082,2118 2109,2118 2039,2119 2119,2184 2123,2196 2125,2174 2127,2188 2084,2128 2070,2129 2129,2177 2059,2131 2132,2188 2061,2134 2114,2134 2134,2199 2076,2135 2135,2185 2136,2163 2050,2137 2093,2138 2077,2139 2140,2216 2141,2142 2143,2214 2067,2144 2145,2212 2063,2147 2107,2148 2132,2148 2081,2149 2149,2241 2047,2150 2150,2183 2039,2151 2090,2152 2153,2175 2074,2156 2156,2187 2125,2157 2157,2197 2158,2221 2159,2198 2121,2162 2152,2162 2162,2211 2111,2163 2165,2249 2167,3079 2093,2168 2078,2170 2133,2171 2171,2231 2173,2226 2175,2224 2117,2176 2165,2179 2166,2179 2179,2228 2138,2180 1706,2181 2001,2181 2176,2182 2182,2238 2155,2183 2183,2240 2155,2184 2185,2207 2146,2186 2120,2189 2189,2257 2088,2190 2191,2223 2127,2192 2134,2193 2193,2223 2124,2194 2180,2195 2169,2196 2197,2252 2174,2198 2178,2199 2147,2200 2161,2201 2147,2203 2204,2205 2204,2229 2139,2205 2085,2206 2159,2208 2195,2209 2209,2284 2210,2214 2210,2292 2211,2225 2169,2212 2211,2213 2214,2215 2214,2293 2215,2216 2216,2297 2111,2217 2216,2217 2217,2300 2177,2218 2203,2219 2188,2220 2223,2260 2223,2267 2223,2269 2225,2268 2226,2242 2227,2298 2172,2231 2231,2286 2196,2232 2232,2299 2233,2326 2183,2234 2234,2256 2170,2235 2235,2308 2199,2236 2237,2309 2172,2238 2171,2239 2202,2242 2218,2242 2242,2289 2185,2243 2232,2244 2220,2245 2245,2283 2154,2247 2176,2247 2248,2307 2163,2250 2251,2313 2254,3078 2193,2255 2222,2256 2209,2258 2259,2260 2261,2352 1957,2262 2263,2280 2263,2348 2264,2284 2247,2265 2265,2303 2265,2382 2244,2266 2268,2335 2236,2270 2179,2271 2245,2272 2273,2326 2275,2348 2277,2285 2254,2278 2242,2281 2282,2346 2252,2285 2282,2287 2221,2288 2230,2290 2236,2290 2291,2328 2294,2369 2294,2295 2295,2375 2296,2368 2297,2376 2298,2299 2300,2332 2243,2301 2275,2301 2277,2302 2253,2304 2272,2305 2305,2340 2257,2306 2233,2307 2302,2307 2308,2364 2309,2314 2164,2310 2310,2325 2219,2311 2313,2331 2313,2337 2314,2356 2315,2339 2308,2317 2281,2318 2318,2360 2186,2319 2274,2319 2319,2386 2269,2320 2271,2321 2286,2323 2269,2324 2327,2356 2264,2328 2328,2337 2316,2329 2330,2386 2304,2331 2246,2333 2247,2333 2333,2338 2334,2342 2335,2409 2336,2385 2339,2388 2340,2351 2340,2356 2311,2341 2341,2383 2342,2361 2254,2343 2302,2344 2346,2379 2347,2387 2167,2349 2206,2349 2312,2351 2351,2400 2181,2352 2353,2429 2316,2354 2355,2373 2355,2419 2356,2381 2343,2357 2266,2358 2279,2358 2358,2429 2276,2359 2360,2413 2302,2361 2362,2363 2362,2379 2362,2457 2359,2363 2274,2365 2366,2370 2353,2368 2367,2368 2298,2370 2371,2422 2206,2372 2250,2372 2306,2373 2374,2375 2375,2376 2377,2382 2378,2443 2379,2434 2381,2393 2384,2392 2329,2385 2385,2387 2385,2392 2386,2452 2387,2445 2322,2388 2388,2447 2331,2390 2390,2448 2392,2426 2344,2394 2381,2396 2340,2397 2392,2399 2401,2415 2401,2536 2402,2433 2360,2403 2394,2404 2404,2466 2344,2405 2345,2405 2321,2406 2382,2407 2365,2408 2391,2409 2409,2463 2409,2470 2411,2445 2412,2417 2412,2489 2348,2414 2311,2415 2417,2425 2355,2418 2416,2418 2419,2485 2420,2468 2421,2496 2364,2423 2373,2423 2424,2475 2333,2425 2425,2490 2427,2493 2397,2428 2398,2428 2428,2456 2359,2430 2430,2431 2362,2432 2389,2433 2372,2435 2435,2575 2370,2438 2374,2439 2439,2440 2375,2441 2441,2500 2368,2442 2443,2505 2390,2447 2433,2448 2449,2476 2426,2450 2444,2450 2380,2452 2453,2481 2421,2454 2454,2471 2394,2455 2456,2467 2422,2458 2445,2459 2459,2460 2459,2477 2452,2461 2462,2513 2419,2464 2413,2465 2465,2593 2467,2492 2468,2475 2468,2512 2460,2469 2458,2472 2472,2518 2444,2473 2467,2473 2474,2488 2423,2475 2472,2476 2477,2495 2447,2478 2451,2478 2412,2479 2349,2480 2395,2480 2410,2480 2462,2480 2481,2508 2484,2540 2485,2539 2486,2542 2446,2487 2487,2542 2487,2543 2489,2544 2491,2494 2492,2515 2492,2547 2429,2493 2493,2526 2495,2523 2495,2535 2496,2527 2492,2497 2261,2498 2499,2563 2500,2501 2501,2506 2502,2507 2502,2537 2436,2503 2503,2563 2440,2504 2504,2558 2504,2505 2437,2506 2497,2508 2459,2510 2510,2530 2511,2528 2511,2566 2512,2550 2310,2513 2469,2514 2516,2534 2517,2532 2517,2582 2474,2519 2519,2554 2518,2520 2520,2581 2457,2521 2521,2525 2522,2523 2523,2585 2524,2551 2525,2602 2482,2528 2529,2601 2509,2531 2531,2547 2491,2533 2525,2533 2471,2534 2490,2538 2414,2539 2535,2540 2541,2590 2483,2543 2544,2591 2546,2586 2546,2588 2547,2586 2491,2548 2526,2548 2508,2549 2532,2550 2550,2604 2539,2551 2472,2552 2530,2553 2553,2598 2514,2554 2555,2557 2555,2627 2332,2560 2559,2562 2562,2563 2503,2564 2564,2615 2552,2565 2565,2628 2567,2605 2567,2611 2566,2568 2568,2630 2507,2571 2548,2571 2571,2648 2521,2572 2565,2572 2573,2601 2574,2575 2560,2576 2372,2577 2410,2578 2527,2579 2579,2620 2545,2580 2581,2597 2582,2610 2583,2599 2583,2613 2584,2585 2580,2588 2589,2594 2542,2590 2592,2671 2594,2635 2581,2595 2595,2640 2570,2596 2596,2598 2579,2599 2599,2673 2543,2600 2585,2601 2592,2602 2587,2604 2605,2608 2605,2654 2606,2642 2580,2607 2603,2609 2609,2635 2569,2611 2611,2652 2611,2666 2538,2612 2612,2660 2498,2614 2615,2645 2611,2616 2592,2617 2584,2618 2618,2639 2619,2686 2590,2620 2620,2679 2556,2621 2573,2621 2622,2629 2560,2623 2561,2623 2624,2681 2625,2626 2558,2627 2626,2627 2588,2629 2629,2650 2630,2631 2631,2670 2616,2632 2581,2633 2634,2685 2630,2637 2637,2673 2637,2675 2637,2710 2627,2638 2639,2662 2634,2640 2641,2663 2641,2683 2642,2690 2636,2644 2644,2712 2645,2648 2645,2712 2635,2646 2647,2657 2647,2694 2601,2649 2651,2689 2653,2700 2600,2655 2655,2656 2655,2705 2655,2714 2603,2657 2623,2659 2659,2735 2597,2661 2664,2665 2664,2702 2668,2706 2668,2709 2668,2721 2594,2669 2672,2673 2676,2698 2677,2756 2657,2678 2676,2678 2649,2680 2681,2695 2681,2778 2640,2682 2682,2716 2683,2715 2577,2684 2636,2686 2619,2687 2659,2688 2686,2688 2689,2690 2674,2690 2689,2691 2691,2692 2692,2693 2680,2694 2694,2723 2682,2695 2658,2696 2696,2719 2697,2713 2697,2753 2667,2698 2693,2698 2698,2743 2699,2721 2699,2755 2666,2701 2701,2702 2703,2726 2664,2704 2610,2706 2704,2706 2690,2707 2707,2744 2675,2708 2643,2709 2709,2717 2685,2711 2712,2752 2712,2713 2700,2714 2714,2724 2671,2715 2715,2750 2696,2716 2661,2718 2721,2754 2723,2747 2724,2732 2725,2750 2704,2726 2727,2730 2727,2752 2700,2729 2728,2731 2731,2733 2734,2735 2735,2773 2726,2736 2714,2738 2733,2739 2739,2743 2734,2740 2742,2758 2744,2745 2745,2779 2745,2798 2678,2746 2720,2746 2748,2777 2710,2749 2722,2749 2751,2758 2752,2789 2755,2793 2756,2757 2757,2786 2716,2758 2758,2806 2757,2759 2759,2766 2760,2802 2715,2761 2637,2762 2762,2763 2764,2782 2673,2765 2726,2767 2737,2767 2769,2809 2770,2784 2772,2774 2760,2775 2776,2783 2778,2781 2778,2795 2749,2779 2747,2780 2777,2780 2750,2782 2782,2816 2784,2793 2785,2833 2747,2787 2787,2788 2764,2790 2792,2804 2741,2794 2761,2794 2768,2794 2797,2807 2771,2798 2782,2799 2754,2800 2800,2815 2800,2827 2801,2823 2746,2802 2803,2827 2803,2833 2774,2804 2789,2804 2796,2805 2802,2809 2776,2810 2810,2817 2782,2811 2807,2811 2813,2830 2814,2825 2786,2815 2816,2829 2818,2819 2773,2819 2817,2820 2809,2821 2783,2822 2808,2823 2821,2823 2811,2824 2824,2832 2816,2826 2823,2828 2828,2841 2828,2852 2812,2830 2817,2831 2831,2854 2830,2832 2791,2833 2805,2833 2816,2834 2835,2848 2818,2836 2836,2846 2823,2838 2828,2839 2832,2840 2841,2849 2832,2842 2842,2847 2825,2843 2844,2858 2837,2848 2849,2862 2840,2850 2850,2854 2850,2858 2845,2851 2843,2853 2837,2855 2846,2855 2855,2873 2851,2857 2856,2857 2858,2863 2850,2859 2860,2874 2852,2865 2864,2865 2857,2866 2852,2867 2853,2867 2861,2868 2863,2868 2868,2877 2870,2878 2871,2873 2866,2872 2871,2874 2867,2875 2869,2875 2867,2876 2872,2876 2877,2882 2872,2878 2875,2879 2879,2887 2876,2880 2880,2883 2874,2881 2883,2885 2882,2884 2882,2886 2885,2888 2890,2891 2891,2892 2891,2893 2894,2897 158,2895 2896,2902 2897,2903 2898,2903 2893,2899 2899,2905 2900,2908 2901,2906 2901,2909 2898,2902 2902,2904 2903,2907 2907,2909 2905,2908 2909,3077 2911,2912 2912,2917 199,2913 2908,2913 2910,2915 2911,2915 2915,2919 2916,2930 2918,2919 2919,2920 2919,2924 2920,2928 273,2922 2922,3077 2924,2938 2921,2927 2924,2927 2927,2937 2925,2928 2926,2928 2921,2929 2929,2935 2930,2942 2931,2943 2932,2944 2932,3077 2930,2933 2933,2934 2933,3077 2934,2945 2935,2949 2926,2936 2936,2940 2940,2951 2940,2953 2941,2947 2943,2969 2944,2956 2946,2958 2946,2959 2948,2963 2937,2950 2952,2953 2952,2962 2939,2953 2951,2955 2955,2972 2957,2958 2942,2959 2960,2977 2948,2961 2961,2975 2950,2963 2964,2976 2954,2965 2965,2983 2967,2983 352,2968 2958,2970 378,2971 2971,2992 2965,2972 2972,2987 2974,2990 2976,2977 2966,2978 2978,2986 2978,3000 2979,2995 2981,2999 2982,2999 2963,2984 2970,2990 2973,2990 2991,3008 2983,2993 2993,3002 2977,2994 2980,2995 2995,3004 2984,2996 2977,2997 2996,2997 2979,2998 2999,3000 2995,3001 2999,3001 3002,3003 469,3005 514,3005 3005,3025 2985,3006 3005,3006 2989,3007 3007,3008 3007,3027 3008,3017 2978,3009 2992,3009 3009,3035 2994,3011 3011,3030 2988,3012 2997,3013 2996,3014 3012,3014 2999,3015 3015,3021 2992,3016 3017,3028 2978,3018 3020,3038 3020,3022 3004,3023 3019,3023 3007,3026 3029,3030 3010,3031 3013,3031 3032,3033 3013,3033 3032,3034 3021,3037 3036,3037 3038,3058 3034,3039 3039,3064 3024,3040 3024,3041 634,3042 3026,3043 3043,3044 650,3044 3025,3044 3045,3046 3031,3046 636,3047 639,3047 3047,3048 3048,3049 3039,3050 3049,3050 660,3051 662,3051 3052,3056 652,3053 3022,3053 3053,3061 600,3054 645,3054 655,3055 3023,3055 657,3056 631,3057 3043,3057 663,3060 3040,3060 3058,3062 692,3064 3063,3064 666,3065 3065,3066 830,3068 1689,3071 1796,3071 3072,3081 1668,3073 1743,3073 1745,3074 1802,3074 1805,3074 1528,3075 1541,3075 1533,3076 1563,3076 1672,3076 2914,3077 1721,3078 2001,3078 1918,3079 2055,3079 1166,3081 317,3082
22
2 3
9
65
930
930
937 1105
933 1007 1008 1082
952 951 1012
687 1282
931 1115
1003 1118
1003
1059 1046
58 113
1116
897 953 1111
1004
967 978
988 980 1041 1034
975 954 1093
925 1035
1019 1095
958 1050
956 1017 1038
143 103 150
973 1086
1074
949 1045
966 1089
955 1039
1055 1081 1119
991
1100
1039 1151
984 790 905 1151
102
1039 1059 1112
1132
945
1060 1053
1014 1038 1126
1016 1096 1135
970
991 1072
1034 983 1019 1049
1024 1030 1028
82 74 149
987
1014 1080
1083
1127
996 886 1075 1120
1022 1072
1009
907 1141
945 1080 1077
1038
74 106
1018 1074 1128 1140
985 995
975
1033
909 1090
1025 973
1137 1122
1225
1100
1009 1030
73 105 122 148 108
967 1033 1108 1165
1092 1062 1076
947 1061
1065 1149
1067 1164 1085
959 1063
994 1070 1087
1064 1176
986
1153 1187 1155
85
1066 993 1134
1166
982 1037 1045 1152
992 1145 1160
1021 1050
1044 1365
1061 1136
1048
1079 1159
1078 990
91 106
1048 1041 1150 1189
1025 1130
1003
1042 1122
1142
1064 1121
1020 1133
1066
1089
1088 1023
69
1054 1168 1172
1179
1061
1015
968 1180
1017
1035
1133 1147
1188
1178
23 46
62 117
1027 1058 1167
1281
1178
914 1104 1109
1103 1105
1104 1002
998 1214
1170
1060
915 1103 1334 1110
82 112
1109 1219
1011 1190
1030 1235
999 1115 1117
1219
1006 1113 1193 1118
1010 1195
1113 1212
1007 1115 1170
1025
84 111
1044 1239
1085 1136 1185
1056 1083 1143
1124 1244
1123 1181 1248
1137
1034
984 1043 1370
1050 1171
605
101 125
1081 1148 1201
1166
1031 1150
1086 1097 1144
1070 1139
1035 1205
1076 1121 1196
1056 1125 1186 1199
1147
1134 1173
99 115 128
1050
1047 1172
1084 1191 1143
1122 1142 1238
1133 1204
1073
1181
1097 1138
1130 1198
1063 1154
93 114
1080 1132 1203
1029 1028
1072 1236
1069
1149 1254
1069 1158
1194 1370
1182
1155 1260
1078 1183 1208
92
1073
1162 1200 1230
1161 1163
1162
1064
1060
1131 1071 1177 3081
1100 1171 1209
1090 1233 1179 1225
1222
61 110
1107 1118
1128 1167
1141 1090
1139 1221 1223 1176
1259
1210
1067 1173
1166 1240
1102 1099 1273
1091 605 1168
132 137
1094 1267
1124 1146
1157 1377
1159
1236 1290 1296
1121 1226
1137
1069 1294
1098 1252
1080 1298
89 194 131
1111 1275
1142 1232
1266
1115 1217
1156 1329
1116 1275
1136
1242
1148 1227 1242
1137
13 35
167
1161
1130 1246
1267 1203
1150 1202 1280
1144
1135 1267
1224 1223
1619 1229
1159 1231 1249
1167
91 151
1175 1254
1214 1216 1319 1317
1117
1324
1106 1211 1320
1251 1283
1211
1193 1325
1253 1337
1110 1114 1220 1323 1361
106
1219
1173 1304
1169 1228
1173 1206
1206
1057 1168
1185 1284 1289
1198 1257 1327
1222 1273
1207 1312
135 146
1161 1250
1208
1191
1168 1316
1258
1112
1152 1184 1308
1270 1330
1143 1286
1120 1366
95
1177 1278 1247
1334
1197 1198
1261
1123 1298
1342
1201 1297
1240 1315
1124 1272
1208 1252
113
1230 1268
1215
1188 1249 1313
1218
1210 1154 1350 1380
1304
1314
1227 1330
1234 1318
1174 1286 1348
195 162
1158 1283 1271
1243 1264 1274 1295
1281
1312
1261 1300 1336
1303 1383
1192 1280
1180 1202 1205 1355 1279
1250 1326 1356
1356
88 145 206
1237 1299
1260
1248 1331
1228 1178 1290 1291
1261
1190 1195 1359
1305 1306
1325 1360
1240
1267
114 141
1203 1266 1347
1101 1262 1282 1447
1281 1005 1401
1215 1260
1226 1376
1342
1259 1238 1302
1298
1336
1226 1333 1374
173
1273 1184
1273 1307
1331
1384 1326 1385
1187 1311 1362
1261
1184 1338
1246 1368
1244 1189 1287
1270
12 14
92 171
1264 1339
1447 1404
1286 1390 1306
1265
1255 1221 1412
1276
1276 1302 1391
1291 1339
1236
1406
119
1383
1294 3072
1229 1263
1252 1434
1256 1350
1247 1333 1393
1233 1367
1211
1258 1352 1413
1211 1421
118
1214
1424 1426
1334 1420
1219 1423
1213 1399
1277 1217 1399 1425
1268 1293
1227
1345
1194
34 135
1237 1257 1349
1272 1292
1349 1414 1395
1289 1315 1388
1109 1241 1322
1346
1264 1288 1387 1392
1218 1360 1340
1296 1344 1354
1300 1307 1398
136 182 190
1337 1359
1394 1402 1393
1285 1245 1386
1372 1411
1338 1371
1328 1454
1335 1347
1280 1346
1259 1375
1330 1332
123 133
1314 1254
1355
1318 1432 1468
1398
1338
1267 1351 1418 1428 1429
1269 1268
1431
1531
1275 1340 1445 1464
78 87 134
1277 1337
1219 1422
1294
1373
1389 1368
1075
1239 1452
1316 1381
1297 1364 1386
1457 1436
118 78
1127 1156 1570 1706
1344 1397 1440
1343 1441 1463
1363 1419
1289
1348
1284
1182 1484
1397 1439
1619
68 139 156
1254 1477
1367 1466 1515
1445
1310 1265 1480
1293
1293 1438
1368 1342 1409
1336
1333 1451
1364 1410 1470 1403
138 209
1302 1471
1306 1476
1336
1315 1341
1341
1332 1479
1440
1371 1378 1435 1460
1339 1353 1449 1456
1324 1325 1467
13 29 32
178
1453 1494
1282
1341
1389
1301 1466
1477
1309 1448
1446
1469 1473
1386 1485
128 154
1389
1343 3075
1304 1498 1520 1554
1318 1513
1332
1567
1488
1422
1355 1504
1373 1455 1502 1504
156
1322 1547
1319 1545
1361 1417
1323
1321
1325
1321 1487
1492
1355
1355
102 201
1479
1357 1433
1352 1471
1431 1499 1455
1313 1448
1397
1369 1465
1488 1501
1385 1472
1378 1500
164 227 255
1371 1396
1372
1493
1507 1444
1443
1359 1382 1583 1474
1407 1492 1461
1301 1281
1406 1434 1579
1398 1459
127
1494
1388 1483
1366 1454
1400 1623
1345 1452 1575
1419 1433
1398 1489 1508
1369
1517 1470
1449 1481
123
1397 1503 1522
1446 1478
1514
1372
1359 1611
1436 1542
1381 1404 1573
1399 1506 1527
1352
1408
174
1389 1458 1521
1390 1432
1438 1544 1481
1408 1534
1445 1475
1474 1476
1391 1475 1551
1405 1380 1594
1461 1523
1395 1430 1491
106 174
1383 1518
1459 1472 1548 1574
1509 1572
1451 1509 1540
1377 1531 1543
1409 1497
1495 1525
1426 1614
1437 1416
1456 1552
104 175
1587
1479 1596 1602
1446 1427 1618
1442 1564
1400 1450 1571
1486 1508
1524 1623
1485
1412 3075 1530
1433
16 29
102 177
1439
1437 1544 1561
1419
1460
1418 1419 1519
1572
1467
1443 1612
1495 1456 1556
1482 1483 1592
121 178
1585
1576 1564
1570
1413 1624 1526 1606
1462 1608
1381 1537
1526
1458
1480 1607
1504 1578 1580
176
1412
1470 1559
1460 1555
1478
1496
1486 1569
1516 1513
1467 1617
1613 3075
1558
154
1498
1484 1358 1728
1587
3069 3076
1473 1540 1628
1579
1586
1515
1601
1602 1657
141 153
1483 1534
3075
1465 1582
1484 1630
1472 1501
1421 1632
1631 1614
1420
1481 1609
1615
165 198
1583
1476 1635
1489
1617
1412 1587
1522
1508
1577 1592
1529 1608 1663
1521 1601
142 138 198
1604
1501 1627 1564
1636
3076
1493 1511 1561
1588
1655
1415 1632 1714
1727
1525
197
1370 1512 1715
1494
1505 1482 1618
1466 1590 1730
1481 1629
1454 1598
1511 1578 1597
1557
1519 1576 1643
1535 1448 1700
199 2895
1519
1643
1542 1625
1445 1550 1658
1585 1686
1510 1584 1666
1536 1603 1618
1532 1490 1554 1645 1610
1565 1662
1599
97 306 168
1573 1619
1638 1681
1509 1557 1604 1650 1660
1622
1477
1677
1491
1576 1638
1575
1589 1642
15 41
168
1641
1538 1559
1491 1539
1586
1560 1592
1668
1513 1692
1518 1697
1558 1514 1730
1548 1616
88 3082 184
1587 1670 1639
1464 1712 1612
1507 1611
1528
1487 1546 1633
1549 1637
1609 1654
1527 1553 1634 1720
1492 1572 1586 3080 1661 1671
1207 1590 1379 1764 1956
126 163 232
1679 1648
1665
1593 3069
1453 1496 1715
1513
1582 1691 1750
1678 1698
1561
1534
1574
162
1543 1716
1546 1724
1567 1545 1724
1614
1617 1718
1551 1713
1562 1708
1615 1720
1591 1597
1610 1682
144
1662
1600 1649 1677
1599 1649 1653
1578 1581 1674
1693
1587 1684
1673
1708
1620 1676 1680
1641 1642 1733
155
1592 1652 1664
3076
1650
1642
1616 1677 1737
1566 1691
1696
1539
1583
1688 1664
204
1592
1618
1588 1640 1692 1699
1558
1650 1659 1669
1621 1675
1585
1745
1605 1689 3073
1664
120 187
1610 1687
1618 1690
1751 1685 1687 3076
1646 1693
1643 1736
1665 1703 1735 1746
1648 1695 1747
1654 1595 1641 1749
1626
1620
160 159 228
1648 1738
1591 1705 1694
1639
3073
1645
1672 1773 1803
1584 1742
1670 1672
1659 1745
1668 3071
193 194
1671
1625 1655 1756
1662 1606 1757 1697
1673 1644 1793
1681 1695
1694 1676
1656 1739
1607 1692 1700
1626 1736
1662 1762
18
183
1697 1579 1760
1731
3071
1675 1734
1759
1681
1370 1707 2181
1706
1647 1636 1709 1710 1768 1809
1708
130 183
1708
1794
1611
1635 1782
1567
1570 1623
1630 1859
1811
1634 1787
1724 1820
96 215 173 192
1617 1637
3078
1776
1819 1832
1631 1632 1719
1918
1786
1568 1859
1531 1874
1740 1757
129 172
1608 1573 1744
1701 1733
1761 1736
1731 1649
1703 1784
1675
1674 1698 1732 1763
1654 1755
1680
1696 1751 1759 1792
147 148 200
1729 1828
1759 1748 1777
1686 1756
1799 3070 3073
1730
1667 1688 3074
1675
1676 1769 1770
1741 1788
1677
149
1625 1826
1672 1739
1839 1774 1793
1956
1765 1803
1737
1742 1691
1692 1729
1786
1704 1741 1739 1766 1789
152 207
1700
1732 1815
1699
1736
1619 1833 1955
1754
1759
1817 1848
1708 1884
1747 1771 1843 1834
150 178
1747 1772 1849
1769 1852
1770
1685
1752 1923
1807
1722 1781 1790
1741
1788 1813
1813
177 140 151 203
1787
1776 1855 1847
1713 1887
1788
1734 1836
1855
1726 1758 1889 1904 1916
1718 1780
1778 1783 1748 1835 1842 1850
1759 1791 1844
184
1776
1789
1739 1801 1838
1693 1752 1814
1711 1837
1798 1964
1797 1800 1869 3071
1796
1795
1743 1851 1812
17 38
188 212
1796
1792
3074
1685 1754 1864 1868
1861 3074 1806 1902
3074
1804
1775 1808
1807 1840
1708
217
1869 1892
1717 1889 1885
1799
1778 1779 1891
1793 1815
1761 1814 1876 1816
1815 1890
1767 1890
1840
1723 1904
134
1719 1823
1827
1907 1909
1820 1903
1897 1829
1862
1750 1862 1931
1821 1858 1860
1740 1884
1824
170 171 216 217
1854
1895
1723 1903
1764 1957
1769
1788
1784 1878
1794 1882 1887
1792 1914
1752
179 161
1808 1818 1893
1878 1850
1788 1863 1880
1769
1789
1851
1866
1781 1905
1767 1866 1945
1770 1898
230
1788 1841
1799 1845
1771
1883 1899
1830 1962 1870 1894
1781 1785
1891
1912
1827 1923
1716 1727 1917
231
1827 1934
1804 1877
1825 1826
1842
1803 1867
1882 1886
1848 1846
1864
1803
1796 1810 1926
167 223 230
1854
1937 1872
1871
1958
1728 1967
2055 1924
1815
1861 1943
1841 1836 1905
1880
180 221
1879 1842
1938
1837 1865
1853 1905 1946
1768 1828 1965
1811
1865 1930
1837 1782
1954
1786 1811
201 280
1816 1817 1941 1958
1813 1856
1810
1840 1940
1854 1895
1831 1894 1969
1950
1824 1959 1931 1973
1849 1908 1976
1853 1940
20 39
134
1910 1952
1948 1926
1804 1937
1823 1832
1819 1786 1987 1988
1883 1847 1878 1966
1986
1822 1989
1898
1822 1985 1986
196 218
1900 1960
1944 1998 1914
1857 1915
1936
1838 1911
1912 2009 1932
1786
1859 1935
1725 3079
1945 1979
172
1929 2012 2025
1958
1996
1774 1858
1875
1940
1869 1901 1927
1926 2062
1991
1920
169
1886
1826 1897
1915
1936
1860 1975
1917 2056
1913 1933 2020
1871 1902
1881 2015 1939
1938 1997
119 169 226
1899 1893 1925 1947
1890
1972 2018 1979
1877 1948
1911 2006 2009
1848 1919
1883
1940
1901 1943 2029
1992
126
1896 1998
2026
1900
1993 1994
1888 2007 2013
1764
1753 1619 2254
1833 2262
1873 1921 1890
1897 2017
191 219 236
1910 2003 2031
1995
1854 2028 1963
1962
1795 2062
1884 2022
1905 2016
1874 2163
2082
1895
157 209 210
2043
2037
1942 2019
1897 2002 2040
2030
1934 2023 2025
1898 2030 2038
2003
2051 1981 2052
1919 1942
155 156 255 268
1993 2029
1978
2050 2021
2034
2033
1909
1909 1906 1987 2065 2066
1904 1986
1904 2068
1907
158 231 2913
1994
1928 2064 2011
1949 2027
1980 1953
1990 1953 2004
1961 2016
1922 2071
1939
1911 1950 2032
2122
1 4
19
174 202
2044
2181 3078
1973 2080
1977 1960
1994 2008
2083
1944
1954 2087 2067
2004
1915 1944 2058
143 189
2027
1991 2057 2031
1920 2097
1954
2110 2037
1938 2081
1966 1995
1959
1942 2089
1972
200
1936 2051
1982
1965 2028 2034 2077
1975
2073
1920 1975 2073
1951 2095
1992 2010 2089 2092 2093
1962 2022 2049
1948 1980 2054
178 271 262
1974 1976
1960 2011
1998 2071
1984 2095
1983 2022 2149
2061
2092
1971 2014
1976 2099
2043 2119 2151
166 233 238
1973 2076
2044 2100
2101 2102
1970 2039
2041 2000
2072
2053 2063
2050 2149 2150
2082
2028 2076
259 207
1982 2047 2137
1978 2020 2072 2108
1978
2046 2124
2029 2082 2063
1875 3079
1935
2011 2128
2009
2131
127 211 227
2070 2112
2035 2064 2134
1927 1964
2046 2054 2147
1991 2061 2071
1986
1986
2007 2144
1988 2143
2141 2111
176 205
2060 2129
1996 2032 2064 2083
2051 2045
2024 2025 2091 2113
2075 2122 2156
2074 2087
2040 2049 2088 2135
2022 2146 2139
2170
2084
235 236
2002
2015 2149
1968 2054 2048 2118
2005 2071 2160
2079 2175 2098 2128
2206
2131 2112
2007 2075 2169
2076 2190
2018 2027 2130
139 197 213
2152
2073
2036 2027
2027 2138 2168
2138 2161
2026 2033 2097
2133
2012 2095
2084 2106
2038 2100
37
197
2041 2099
2042 2105 2157 2103
2042 2108
2101
2105 2121
2101 2104 2165
2098 2107
2106 2108 2148
2051 2107 2102
2118
206
2014 2155
2069 2163 2217
2060 2086 2124 2158
2073 2154
2126 2134
2130
2262 2350
2176
2082 2109
2039 2184
180 215
2189
2104 2162
1999 2074
2196
2053 2112 2194
2174 2157
2114
2188 2192
2057 2084
2070 2177
209 222 270
2089 2115
2086 2059
2188 2148
2096 2171
2061 2114 2199 2193
2076 2185
2163
2050
2094 2093 2180
2077 2205
282 280
2216
2069 2142
2141
2068 2214
2067
2212
2077 2186
2063 2200 2203
2107 2132
2034 2047 2081 2241
172 212 249 244
2047 2183
2039
2090 2162
2175
2113 2247
2110 2183 2184
2074 2187
2101 2125 2197
2112 2221
2198 2208
183 272
2083
2094 2201
2121 2152 2211
1967 2136 2111 2250
2310
2105 2249 2179
2179
3079 2349
2093
2087 2196 2212
181 183 240
2078 2235
2133 2231 2239
2231 2238
2226
2125 2198
2084 2153 2224
2117 2182 2247
2129 2218
2199
2165 2166 2228 2271
191
2138 2195
1706 2001 2352
2176 2238
2150 2155 2240 2234
2119 2155
2135 2207 2243
2146 2319
2156
2127 2132 2220
2120 2257
196
2088
2223
2127
2134 2223 2255
2124
2180 2209
2123 2169 2232
2157 2252
2159 2174
2134 2178 2236
0 37
221 237
2147
2161
2242
2147 2219
2205 2229
2204 2139
2085 2349 2372
2185
2159
2195 2284 2258
220 188 243
2214 2292
2162 2225 2213
2145 2169
2211
2143 2210 2215 2293
2214 2216
2140 2215 2297 2217
2111 2216 2300
2177 2242
2203 2311
213
2188 2245
2158 2288
2256
2191 2193 2260 2267 2269
2175
2211 2268
2173 2242
2298
2179
2204
187 251 260
2290
2171 2172 2286
2196 2299 2244
2326 2307
2183 2256
2170 2308
2199 2270 2290
2309
2182 2172
2171
225
2183
2149
2226 2202 2218 2289 2281
2185 2301
2232 2266
2220 2283 2272
2333
2154 2176 2265 2333
2307
2165
224 240
2163 2372
2313
2197 2285
2304
1956 3078 2278 2343
2193
2234 2222
2189 2306
2209
2260
194 240 253
2223 2259
2352 2498
2116 1957
2280 2348
2284 2328
2247 2303 2382
2244 2358
2223
2225 2335
2223 2320 2324
144 206 296 353
2236
2179 2321
2245 2305
2326
2319 2365
2348 2301
2359
2285 2302
2254
2358
168
2263
2242 2318
2346 2287
2245
2209 2264
2277 2252
2231 2323
2282
2221
2242
338
2230 2236
2328
2210
2214
2369 2295
2294 2375
2368
2216 2376
2227 2299 2370
2232 2298
11
185 187 231
2217 2332
2243 2275
2277 2307 2344 2361
2265
2253 2331
2272 2340
2257 2373
2248 2233 2302
2235 2364 2317
2237 2314
186 230 199 252
2164 2325 2513
2219 2341 2415
2351
2251 2331 2337
2309 2356
2339
2329 2354
2308
2281 2360
2186 2274 2386
162 3082
2269
2271 2406
2388
2286
2269
2310
2233 2273
2356
2291 2264 2337
2316 2385
204 234 256
2386
2313 2304 2390
2300 2560
2246 2247 2338 2425
2342
2268 2409
2385
2313 2328
2333
2315 2388
233 259
2305 2351 2356 2397
2311 2383
2334 2361
2254 2357
2302 2394 2405
2405
2282 2379
2387
2263 2275 2414
2167 2206 2480
208
2116
2340 2312 2400
2261 2181
2429 2368
2316
2373 2419 2418
2314 2327 2340 2381
2343
2266 2279 2429
2276 2363 2430
196 208 254
2318 2413 2403
2342 2302
2363 2379 2457 2432
2362 2359
2308 2423
2274 2408
2370
2368
2296 2353 2367 2442
2294
220 241
2366 2298 2438
2422
2206 2250 2435 2577
2355 2306 2423
2375 2439
2295 2374 2376 2441
2297 2375
2382
2443
2346 2362 2434
204 239
2452
2356 2393 2396
2265 2377 2407
2341
2392
2336 2329 2387 2392
2319 2330 2452
2347 2385 2445
2339 2322 2447
2433
238
2331 2448 2447
2409
2384 2385 2426 2399
2381
2344 2404 2455
2480
2381
2340 2428
2428
2392
87
226 217 225
2351
2415 2536
2433
2360
2394 2466
2344 2345
2321
2382
2365
2335 2391 2463 2470
237 286
2480 2578
2445
2417 2489 2479
2360 2465
2348 2539
2401 2311
2418
2412 2425
2355 2416
2355 2485 2464
269
2468
2496 2454
2371 2458
2364 2373 2475
2475
2417 2333 2490
2392 2450
2493
2397 2398 2456
2353 2358 2493
221 251
2359 2431
2430
2362
2402 2389 2448
2379
2372 2575
2503
2506
2370
2374 2440
215 294
2439 2504
2375 2500
2368
2378 2505
2450 2473
2387 2411 2459
2487
2388 2390 2478
2390 2433
2476
254
2426 2444
2478
2386 2380 2461
2481
2421 2471
2394
2428 2467
2362 2521
2422 2472
2445 2460 2477 2510
2922
2459 2469
2452
2513 2480
2409
2419
2413 2593
2404
2456 2492 2473
2420 2475 2512
2460 2514
250 338 412
2409
2454 2534
2458 2518 2476 2552
2444 2467
2488 2519
2424 2468 2423
2449 2472
2459 2495
2447 2451
2412
288
2349 2395 2410 2462
2453 2508
2528
2543
2540
2419 2539
2542
2446 2542 2543
2474
2412 2544
215
2425 2538
2494 2533 2548
2467 2515 2547 2497
2427 2429 2526
2491
2477 2523 2535
2421 2527
2492 2508
2261 2614
2563
26 60
247 274 349
2441 2501
2500 2506
2507 2537
2436 2563 2564
2440 2558 2505
2443 2504
2501 2437
2502 2571
2481 2497 2549
2531
223 243 289
2459 2530
2528 2566
2468 2550
2462 2310
2469 2554
2492
2534
2532 2582
2472 2520
2474 2554
231 273
2518 2581
2457 2525 2572
2523
2495 2522 2585
2551
2521 2602 2533
2493 2548
2496 2579
2511 2482
2601
226 269 299
2510 2553
2509 2547
2517 2550
2491 2525
2516 2471
2495 2540
2401
2502
2490 2612
2485 2414 2551
245 236 266
2484 2535
2590
2486 2487 2590
2487 2483 2600
2489 2591
2580
2586 2588
2492 2531 2586
2491 2526 2571
2508
144 198 298
2512 2532 2604
2524 2539
2472 2565
2530 2598
2519 2514
2557 2627
2621
2555
2504 2627
2562
233 291 292
2332 2576 2623
2623
2559 2563
2499 2503 2562
2503 2615
2552 2628 2572
2511 2568
2605 2611
2566 2630
2611
292 293
2596
2507 2548 2648
2521 2565
2601 2621
2575
2435 2574
2560
2372 2684
2410
2527 2620 2599
267 289
2545 2588 2607
2520 2597 2595 2633
2517 2610
2599 2613
2585 2618
2523 2584 2601
2546 2547
2604
2546 2580 2629
2594
205 234 264
2541 2542 2620
2544
2671 2602 2617
2465
2589 2635 2669
2581 2640
2570 2598
2581 2661
2553 2596
2583 2579 2673
25
223
2543 2655
2529 2573 2585 2649
2525 2592
2609 2657
2550 2587
2567 2608 2654
2642
2580
2605
2603 2635
295 316
2582 2706
2567 2569 2652 2666 2616
2538 2660
2583
2498
2564 2645
2611 2632
2592
2584 2639
2686 2687
203
2579 2590 2679
2556 2573
2629
2560 2561 2659
2681
2626
2625 2627
2555 2558 2626 2638
2565
2622 2588 2650
346
2568 2631 2637
2630 2670
2616
2581
2685 2640
2594 2609 2646
2644 2686
2630 2673 2675 2710 2762
2627
2618 2662
259 265 301 332
2595 2634 2682
2663 2683
2606 2690
2709
2636 2712
2615 2648 2712
2635
2657 2694
2571 2645
2601 2680
264
2629
2689
2611
2700
2605
2600 2656 2705 2714
2655
2647 2603 2678
2696
2623 2735 2688
254 290
2612
2597 2718
2639
2641
2665 2702 2704
2664
2611 2701
2698
2706 2709 2721
2594
258
2631
2592 2715
2673
2599 2637 2672 2765
2690
2637 2708
2698 2678
2756
2657 2676 2746
2620
198
2649 2694
2624 2695 2778
2640 2716 2695
2641 2715
2577
2634 2711
2619 2636 2688
2619
2659 2686
2651 2690 2691
253 242
2642 2689 2674 2707
2689 2692
2691 2693
2692 2698
2647 2680 2723
2681 2682
2658 2719 2716
2713 2753
2676 2667 2693 2743
2721 2755
31
213 326
2653 2714 2729
2666 2702
2664 2701
2726
2664 2706 2726
2655
2668 2610 2704
2690 2744
2675
2668 2643 2717
203 307 334
2637 2749
2685
2644 2645 2752 2713
2697 2712
2655 2700 2724 2738
2683 2671 2750 2761
2682 2696 2758
2709
2661
2696
216 313 350
2746
2668 2699 2754
2749
2694 2747
2714 2732
2750
2703 2704 2736 2767
2730 2752
2731
2700
252 315 2922
2727
2728 2733
2724
2731 2739
2735 2740
2659 2734 2773
2726
2767
2714
2733 2743
250
2734
2794
2758
2698 2739
2707 2745
2744 2779 2798
2678 2720 2802
2723 2780 2787
2777
2710 2722 2779
276 278
2715 2725 2782
2758
2712 2727 2789
2697
2721 2800
2699 2793
2677 2757
2756 2786 2759
2742 2751 2716 2806
2757 2766
275 277
2802 2775
2715 2794
2637 2763
2762
2782 2790
2673
2759
2726 2737
2794
2809
276 305
2784
2798
2774
2735 2819
2772 2804
2760
2783 2810
2748 2780
2681 2781 2795
2745 2749
275 284
2747 2777
2778
2764 2750 2816 2799 2811
2776 2822
2770 2793
2833
2757 2815
2747 2788
2787
2752 2804
381 373
2764
2833
2804
2755 2784
2741 2761 2768
2778
2805
2807
2745 2771
2782
4 65
189 214
2754 2815 2827
2823
2760 2746 2809
2827 2833
2792 2774 2789
2796 2833
2758
2797 2811
2823
2769 2802 2821
283 327 373
2776 2817
2782 2807 2824
2830
2830
2825
2800 2786
2782 2829 2826 2834
2810 2820 2831
2819 2836
2818 2773
214 327 370
2817
2809 2823
2783
2801 2808 2821 2828 2838
2811 2832
2814 2843
2816
2800 2803
2823 2841 2852 2839
2816
281
2813 2812 2832
2817 2854
2824 2830 2840 2842
2785 2803 2791 2805
2816
2848
2818 2846
2848 2855
2823
2828
278 2923 329
2832 2850
2828 2849
2832 2847
2825 2853
2858
2851
2836 2855
2842
2835 2837
2841 2862
383
2840 2854 2858 2859
2845 2857
2828 2865 2867
2843 2867
2831 2850
2837 2846 2873
2857
2851 2856 2866
2844 2850 2863
2850
241 287 309
2874
2868
2849
2858 2868
2865
2852 2864
2857 2872
2852 2853 2875 2876
2861 2863 2877
2875
286
2878
2873 2874
2866 2876 2878
2855 2871
2860 2871 2881
2867 2869 2879
2867 2872 2880
2868 2882
2870 2872
2875 2887
248 333
2876 2883
2874
2877 2884 2886
2880 2885
2882
2883 2888
2882
2879
2885
50
258 251 331 295 312
2891
2890 2892 2893
2891
2891 2899
2897
158
2902
2894 2903
2903 2902
2893 2905
15 14
266 294 320
2908
2906 2909
2896 2898 2904
2897 2898 2907
2902
2899 2908
2901
2903 2909
2900 2905 2913
2901 2907 3077
256
2915
2912 2915
2911 2917
199 2908
3077
2910 2911 2919
2930
2912
2919
2915 2918 2920 2924
257 256 328
2919 2928
2927 2929
246 273 3077
284
2919 2938 2927
2928
2928 2936
2921 2924 2937
2920 2925 2926
2921 2935
257
2916 2942 2933
2943
2944 3077
2930 2934 3077
2933 2945
2929 2949
2926 2940
2927 2950
2924
2953
244 290 339
2936 2951 2953
2947
2930 2959
2931 2969
2932 2956
2934
2958 2959
378 2941
2963 2961
2935
261 289
2937 2963
2940 2955
2953 2962
2940 2952 2939
2965
2951 2972
2944
2958
2946 2957 2970
2946 2942
227 380
2977
2948 2975
2952
2948 2950 2984
2976
2954 2983 2972
2978
2983
352
418 2943
323 324
2958 2990
378 2992
2955 2965 2987
2990
2990
2961
2964 2977
2960 2976 2994 2997
2966 2986 3000 3009 3018
2995 2998
255 341 335
2995
2999
2999
2965 2967 2993
2963 2996
3006
2978
2972
3012
3007
253 303 344
2974 2970 2973
3008
2971 3009 3016
2983 3002
2977 3011
2979 2980 3004 3001
2984 2997 3014
2977 2996 3013
2979
2981 2982 3000 3001 3015
1 31 42
40 72
309
2978 2999
2995 2999
2993 3003
3002
2995 3023
469 514 3025 3006
2985 3005
2989 3008 3027 3026
2991 3007 3017
2978 2992 3035
264
3031
2994 3030
2988 3014
2997 3031 3033
2996 3012
2999 3021
541 2992
3008 3028
2978
3023
310 337
3038 3022
3015 3037
3020 3053
3004 3019 3055
3040 3041
3005 3044
3007 3043
3007
3017
3030
299
3011 3029
3010 3013 3046
3033 3034
3032 3013
3032 3039
3009
3037
3021 3036
3020 3058
3034 3064 3050
328
3024 3060
542 3024
634
3026 3044 3057
3043 650 3025
632 3046
3045 3031
636 639 3048
3047 3049
3048 3050
277 343
3039 3049
660 662
660 3056
652 3022 3061
600 645
657 655 3023
3052 657
631 3043
681 3038 3062
664
159 342 345 347 311
663 3040
654 682 3053
637 3058
3064
3039 692 3063
666 3066
3065
639 667
818 830
1533 1622
271 371
1743
1702 1689 1796
1311 3081
1683 1668 1743
1804 1745 1802 1805
1411 1498 1528 1541
1651 1533 1563 1672
2909 2922 2932 2933 2914
2254 1721 2001
2167 1918 2055
325 382
1618
3072 1166
161 232 317286 300
3 27 47
302
306 338 384
289 340
272
319 336
273 352
261 322
388 3082
358 362 332
314 363
14 56 58
290 359
334
316 369
297
297 379
308 353
270
281 282
292 304
284 415
75
356
289
264 318
288 368
271 321 397
298 375
314
302 348
247 311 229 372
294 351
50 72 133
312 366
298 602 383 394
306
305 355 427
299
306
263 380 387 414
306
337 355 389
250 417
12
272
339
315 374 2968
227 325 422
357 395 433
343 348
330 399 365
354
318 391 392
320
75
401
365
318 367
319 364
363 403 377
361 356
340
362 368
333 367 400
322 379 408
21 22 52
282 432 441
307
338
279 281
352
335
458
364 404
458 2947 483 2971
369 324 418
18 39 51
296 346 473 501
279 385
308 393
285 341 424
311
381 430 561
395 454
346
317
348 456 461
19 38
517
358 409
358 433 431
382
341
354 386
473
334 450
413
356 444 405
2 28 62
30 54
368 401
360 400 403
436
364 401
377 446
399
438
445
369 440
391 410
16 74
409 449 411
410 434
247 428
398 415
346
413 329 453
431
349
379 452 2969
454
3 89 55
603
422 457
353 421 478
604
383 604
493
428 427 471
343 426
426 412
470
9 8 46
385 547
416 392
370 486
392 354
411 435 476
434
402 463
467
406 440
444
57
408 438 481
370
462 447
464
399 439 502 504 446
407 468
404 444 466
442 460
449
410 448
76
397
457
418
415 483 495
386 419 455
454
389 494
421 451 531 665
376 378
471
11 43 81 59 78
447
389 520
442 496
436 467
443 497 502 500
503 505
446
463 437 468
445 467 481
3005
31 48 80
429 482 514
459 426
473
380 396 472
511 524
522
434 477
476
422 485
480 496 540
47
479
440 468 482 498 526
470 481 523 527
453 378 506
531 552
478
432
549
492 595
594
7 63 95
491 507
490
488 513
425 601
456 543
453
462 479
464
481
505 539
6
34 2889
464 534
380 603
444 464
465
444 505 538
465 499 504
483
490 577 581
521
510
38 52 76
509 554
474
545
492 516 577
470 3005
543
513
390 594
554
537
37 51 53 84 83
461 537
508 546 563
475 563 589
482 553
474 544 596
568
481
482 528 558
527
598 530
52 54 64
529 644
457 484 593
540 560 564
534
533 500 535 566
534
538 568
519 520
504 536
499
53 40 67
532 479
3016 545
3041
494 515 583 571
524 593
512 541
521
430 786 784
550
487 598
42 68
548 581 607
791
484 597
523 588
510 518 572
587
606
559 610
527 617
557 569
32 77
532
385
563 584
522 562 521 592
532 565
564 566 614
534 565 612
568
525 536 567 609
559
44 92
608
543
554 574
592 642
572 575 624
574
578 625
507 513 629
576 580
629 630
32 60 101
578 582 628
507 550
580
543 586 643 651
562
623
583
555 647
553 618
522 638 590
7 46
589
651
573 563 620
531 544
489 517 709 735 601
488 694 705
524
552 708
529 549 599
598 694
5 7
25 58 79
659 3054
493 594
341 803
420 501 794 795 766
423 424 736
1129 1179
556 619
550 624
570 609 610
608 568
117
608 557
672 613
566 679
611 678
565
673
675
558
588
606 661
4 110
592
646
688
585 641 689
607 574 699
576
669 702
628 705
627 580
577 579
49 86
579
634 718 3057
3045
686
631 3042
692
3047
3062
589 646 647
3067 684 695 3047
53 99
694
623
573
583 648
530 785
662 3054
621 638
587 638 648
643 647
698
28 100
716 663 3044
583 591 715 668
3053
712
3061 655 739 740
654 3055
658
3055 3056
656 680
600 711
87
742 3052 759 3051
619 714
645 717 3051
650 758 664 3060
663 714 3059
457
667 719 3065
666 3067
651
626 704
54
690
674
611 700
615 752 677
671 754
616 679
754
673
613 746
675 612 747 751
55 69 138
658 690 721
3058 761
3061 762
741
639
725 726
633 718
1005
622 774
623 771 734 774
68 109
670 680
773
635 3064
707 739
640 595 599 706 732
639 729
766
714 752
649 727
624 753 778
6 49 59 88
81
672
702
626 701 779
777
669 753
595 627 787
694
693
597
594
85
715
659 765
653 713
712 800
664 661 697 769 757 770
651 710 733 763
650
662 804 737
631 686
666 773
34 30
741 842 731
680 728 796
729
797
811
685
685 813
698 760 802
721
695 722
106
758
720
694
715
689
594 736 907
735 604
717
782 809
654 693
41 90 105 104
654 866
683 720 809 810
660
812
746 771
798
678 744 814
679 816
821
750 824
36 33 77
749
679 817
673 697 820
699 704 854
674 676 822
822 819 824
766
714 849
663 730
660 828
45 51
727
681
682 808
715
807 783
711 835
603 696 756 811 981 996
835 838
831
714 831
75 56
714 873
689 744 833
797 869 893
691 719 780 782
688 689 855
852 898
777 862
703 776
699
702 853
46 136 98 137
773 806
783 842
738 773 868
781 764
547 792 961
644
547
705 858
789 899
788 843
60
1029
551 905
784
799 850
603
603
721 893
723 772
745 805 861
793 832
43
47
713 808
849
727 834
602 997
717 865 870
798 806
780 805
764
800 762 875 848
741 738 839
46 70
741
766 724
743 832
726 845 866
746
884
747 892
751 821
3068 836
755 879 820
104 111
752 819 877
817 748 822
755 754 821
830 846
749 755
828 856
829 961
867 904
759 825 844
826 886 863
52
823 3068
768 769
799 812 851
771 884
802 865 876
767 765
818
840
767
809 889
52 112
837 912
844
720 781
789 914
841 828
813
823 880
861
808 871 916
801 757
71 92 107
793 893 910
832
775
779 932
753 933
774 927
825 874
858
787 857 930
860 934 936
63
859 864
798 847 903
776 935
829
860
804 834 957
740 813
827
782 918
772
24 66 136
804
848 962
948 956
770
856 944
808 904
834 911 967
820
943
819 929
7 127 161
846 917
920 970
885
888
815 833 952
882 926 941
829 1044
892 979
883 890 954
839
42 119
888
902
816 887
796 772 850 949
951
942
900 903
1011 898 928
775 897
788
10 43
74
896
919 968
891 925
896 861 926
827 875 920 977 994
791 1029
962 973
735 1047
967 971
974 1054
108 121
850
876 987
840 980
958
843 1103
1109
848
880 967
868 958
901
57 85 116 130
881 904
985 922
921
989
990 992
902 1016
885 903 964
855
897
879 992
94 115
858 1000 1001
1006
853
854 1003
859 937
862 936
859 935 999
934 1002
946 969
972
93
986 959
885 985
895 959
878 990 956
874 972 986
1032 946 1048
938 945
1062
872
893 973 976 1022
49 124
964 982
894 1004
884 953 1004
952 1011
888 1015
1024
872 943 1019
865
913 918 966 1018
940 942 1065
99 172
966
784 826
906 871
983
926 950
993
958 960 1023
876 908 917 1013 1060
901 1094
938
159
881 1036
908
944 939
906 949 1020 1055
909
989 1015 1052
949
904
1013
887 989
78
912 1014
766
950 1072
963 1038
1029 1127
921 941 1051
940 944 1068
911 1040
1014
975 979 923
64 96 114
924 943 1079
1026 1037
924 929 1073
965 1070
904 1066
1051
766 1044
803
999 1106
936 998 1113
