,dataset,k,model,sct_method,W,cutoff,proved_exact,h_tot,regions,h_regions,del_e,time
0,ecodemo_NUTS1,5,mdd,full_order_CL,5.0,60.0,proved,3.62290927,"[[0], [1, 2, 3, 4, 5, 6, 7, 8, 9, 10, 11, 12, 13, 14, 15, 16, 17, 18, 19, 20, 21, 22, 23, 24, 25, 26, 27, 28, 29, 30, 31, 32, 33, 36, 37, 38, 39, 40, 41, 42, 43, 44, 51, 52, 53, 54, 55, 62, 63, 64, 65], [34, 35, 45, 46, 47, 48, 49, 50, 56, 57, 58, 59, 60, 61, 66, 67, 68, 69, 70, 71, 72, 73, 74, 75, 76, 77, 79, 80, 84, 88], [78, 81, 82, 83, 85, 86], [87, 89, 90, 91, 92, 93]]","[0.0, 2.5633705449906214, 0.4576542498218689, 0.2596404115469871, 0.3422440726980614]","[(86, 89), (77, 78), (0, 1), (50, 51)]",6.491400241851808
1,ecodemo_NUTS1,5,mdd,full_order_CL,5.0,120.0,proved,3.62290927,"[[0], [1, 2, 3, 4, 5, 6, 7, 8, 9, 10, 11, 12, 13, 14, 15, 16, 17, 18, 19, 20, 21, 22, 23, 24, 25, 26, 27, 28, 29, 30, 31, 32, 33, 36, 37, 38, 39, 40, 41, 42, 43, 44, 51, 52, 53, 54, 55, 62, 63, 64, 65], [34, 35, 45, 46, 47, 48, 49, 50, 56, 57, 58, 59, 60, 61, 66, 67, 68, 69, 70, 71, 72, 73, 74, 75, 76, 77, 79, 80, 84, 88], [78, 81, 82, 83, 85, 86], [87, 89, 90, 91, 92, 93]]","[0.0, 2.5633705449906214, 0.4576542498218689, 0.2596404115469871, 0.3422440726980614]","[(86, 89), (77, 78), (0, 1), (50, 51)]",6.430424451828003
2,ecodemo_NUTS1,5,mdd,full_order_CL,10.0,60.0,proved,3.62290927,"[[0], [1, 2, 3, 4, 5, 6, 7, 8, 9, 10, 11, 12, 13, 14, 15, 16, 17, 18, 19, 20, 21, 22, 23, 24, 25, 26, 27, 28, 29, 30, 31, 32, 33, 36, 37, 38, 39, 40, 41, 42, 43, 44, 51, 52, 53, 54, 55, 62, 63, 64, 65], [34, 35, 45, 46, 47, 48, 49, 50, 56, 57, 58, 59, 60, 61, 66, 67, 68, 69, 70, 71, 72, 73, 74, 75, 76, 77, 79, 80, 84, 88], [78, 81, 82, 83, 85, 86], [87, 89, 90, 91, 92, 93]]","[0.0, 2.5633705449906214, 0.4576542498218689, 0.2596404115469871, 0.3422440726980614]","[(86, 89), (77, 78), (0, 1), (50, 51)]",5.737484455108643
3,ecodemo_NUTS1,5,mdd,full_order_CL,10.0,120.0,proved,3.62290927,"[[0], [1, 2, 3, 4, 5, 6, 7, 8, 9, 10, 11, 12, 13, 14, 15, 16, 17, 18, 19, 20, 21, 22, 23, 24, 25, 26, 27, 28, 29, 30, 31, 32, 33, 36, 37, 38, 39, 40, 41, 42, 43, 44, 51, 52, 53, 54, 55, 62, 63, 64, 65], [34, 35, 45, 46, 47, 48, 49, 50, 56, 57, 58, 59, 60, 61, 66, 67, 68, 69, 70, 71, 72, 73, 74, 75, 76, 77, 79, 80, 84, 88], [78, 81, 82, 83, 85, 86], [87, 89, 90, 91, 92, 93]]","[0.0, 2.5633705449906214, 0.4576542498218689, 0.2596404115469871, 0.3422440726980614]","[(86, 89), (77, 78), (0, 1), (50, 51)]",5.663897275924683
4,ecodemo_NUTS1,5,mdd,full_order_CL,20.0,60.0,proved,3.62290927,"[[0], [1, 2, 3, 4, 5, 6, 7, 8, 9, 10, 11, 12, 13, 14, 15, 16, 17, 18, 19, 20, 21, 22, 23, 24, 25, 26, 27, 28, 29, 30, 31, 32, 33, 36, 37, 38, 39, 40, 41, 42, 43, 44, 51, 52, 53, 54, 55, 62, 63, 64, 65], [34, 35, 45, 46, 47, 48, 49, 50, 56, 57, 58, 59, 60, 61, 66, 67, 68, 69, 70, 71, 72, 73, 74, 75, 76, 77, 79, 80, 84, 88], [78, 81, 82, 83, 85, 86], [87, 89, 90, 91, 92, 93]]","[0.0, 2.5633705449906214, 0.4576542498218689, 0.2596404115469871, 0.3422440726980614]","[(86, 89), (77, 78), (0, 1), (50, 51)]",5.605198383331299
5,ecodemo_NUTS1,5,mdd,full_order_CL,20.0,120.0,proved,3.62290927,"[[0], [1, 2, 3, 4, 5, 6, 7, 8, 9, 10, 11, 12, 13, 14, 15, 16, 17, 18, 19, 20, 21, 22, 23, 24, 25, 26, 27, 28, 29, 30, 31, 32, 33, 36, 37, 38, 39, 40, 41, 42, 43, 44, 51, 52, 53, 54, 55, 62, 63, 64, 65], [34, 35, 45, 46, 47, 48, 49, 50, 56, 57, 58, 59, 60, 61, 66, 67, 68, 69, 70, 71, 72, 73, 74, 75, 76, 77, 79, 80, 84, 88], [78, 81, 82, 83, 85, 86], [87, 89, 90, 91, 92, 93]]","[0.0, 2.5633705449906214, 0.4576542498218689, 0.2596404115469871, 0.3422440726980614]","[(86, 89), (77, 78), (0, 1), (50, 51)]",5.675014972686768
6,ecodemo_NUTS1,10,mdd,full_order_CL,5.0,60.0,current-best,2.0148929,"[[0], [1, 3, 4, 36, 6, 7, 38, 39, 10, 11, 14, 15, 16, 17, 23, 24, 27, 29, 30], [2, 5, 9, 13, 18, 19, 20, 21, 31, 32, 40, 41, 42, 43, 44, 50, 51, 52, 53, 54, 55, 57, 62, 63, 64, 65], [8], [12], [33, 22, 25, 26, 28], [34, 35, 45, 46, 47, 48, 49, 56, 58, 59, 60, 61, 66, 67, 68, 69, 70, 71, 72, 73, 74, 75, 76, 77, 79, 80, 84, 88], [37], [78, 81, 82, 83, 85, 86], [87, 89, 90, 91, 92, 93]]","[0.0, 0.41318141811833103, 0.580342117225942, 0.0, 0.0, 0.03188183885082335, 0.3876030692814538, 0.0, 0.2596404115469871, 0.3422440726980614]","[(86, 89), (77, 78), (0, 1), (7, 8), (5, 12), (39, 40), (50, 61), (28, 37), (25, 27)]",68.5221586227417
7,ecodemo_NUTS1,10,mdd,full_order_CL,5.0,120.0,current-best,2.0148929,"[[0], [1, 3, 4, 36, 6, 7, 38, 39, 10, 11, 14, 15, 16, 17, 23, 24, 27, 29, 30], [2, 5, 9, 13, 18, 19, 20, 21, 31, 32, 40, 41, 42, 43, 44, 50, 51, 52, 53, 54, 55, 57, 62, 63, 64, 65], [8], [12], [33, 22, 25, 26, 28], [34, 35, 45, 46, 47, 48, 49, 56, 58, 59, 60, 61, 66, 67, 68, 69, 70, 71, 72, 73, 74, 75, 76, 77, 79, 80, 84, 88], [37], [78, 81, 82, 83, 85, 86], [87, 89, 90, 91, 92, 93]]","[0.0, 0.41318141811833103, 0.580342117225942, 0.0, 0.0, 0.03188183885082335, 0.3876030692814538, 0.0, 0.2596404115469871, 0.3422440726980614]","[(86, 89), (77, 78), (0, 1), (7, 8), (5, 12), (39, 40), (50, 61), (28, 37), (25, 27)]",144.36884903907776
8,ecodemo_NUTS1,10,mdd,full_order_CL,10.0,60.0,current-best,2.0148929,"[[0], [1, 3, 4, 36, 6, 7, 38, 39, 10, 11, 14, 15, 16, 17, 23, 24, 27, 29, 30], [2, 5, 9, 13, 18, 19, 20, 21, 31, 32, 40, 41, 42, 43, 44, 50, 51, 52, 53, 54, 55, 57, 62, 63, 64, 65], [8], [12], [33, 22, 25, 26, 28], [34, 35, 45, 46, 47, 48, 49, 56, 58, 59, 60, 61, 66, 67, 68, 69, 70, 71, 72, 73, 74, 75, 76, 77, 79, 80, 84, 88], [37], [78, 81, 82, 83, 85, 86], [87, 89, 90, 91, 92, 93]]","[0.0, 0.41318141811833103, 0.580342117225942, 0.0, 0.0, 0.03188183885082335, 0.3876030692814538, 0.0, 0.2596404115469871, 0.3422440726980614]","[(86, 89), (77, 78), (0, 1), (25, 27), (5, 12), (50, 61), (7, 8), (39, 40), (28, 37)]",68.35829257965088
9,ecodemo_NUTS1,10,mdd,full_order_CL,10.0,120.0,current-best,2.0148929,"[[0], [1, 3, 4, 36, 6, 7, 38, 39, 10, 11, 14, 15, 16, 17, 23, 24, 27, 29, 30], [2, 5, 9, 13, 18, 19, 20, 21, 31, 32, 40, 41, 42, 43, 44, 50, 51, 52, 53, 54, 55, 57, 62, 63, 64, 65], [8], [12], [33, 22, 25, 26, 28], [34, 35, 45, 46, 47, 48, 49, 56, 58, 59, 60, 61, 66, 67, 68, 69, 70, 71, 72, 73, 74, 75, 76, 77, 79, 80, 84, 88], [37], [78, 81, 82, 83, 85, 86], [87, 89, 90, 91, 92, 93]]","[0.0, 0.41318141811833103, 0.580342117225942, 0.0, 0.0, 0.03188183885082335, 0.3876030692814538, 0.0, 0.2596404115469871, 0.3422440726980614]","[(86, 89), (77, 78), (0, 1), (25, 27), (5, 12), (50, 61), (7, 8), (39, 40), (28, 37)]",140.1233732700348
10,ecodemo_NUTS1,10,mdd,full_order_CL,20.0,60.0,current-best,2.0148929,"[[0], [1, 3, 4, 36, 6, 7, 38, 39, 10, 11, 14, 15, 16, 17, 23, 24, 27, 29, 30], [2, 5, 9, 13, 18, 19, 20, 21, 31, 32, 40, 41, 42, 43, 44, 50, 51, 52, 53, 54, 55, 57, 62, 63, 64, 65], [8], [12], [33, 22, 25, 26, 28], [34, 35, 45, 46, 47, 48, 49, 56, 58, 59, 60, 61, 66, 67, 68, 69, 70, 71, 72, 73, 74, 75, 76, 77, 79, 80, 84, 88], [37], [78, 81, 82, 83, 85, 86], [87, 89, 90, 91, 92, 93]]","[0.0, 0.41318141811833103, 0.580342117225942, 0.0, 0.0, 0.03188183885082335, 0.3876030692814538, 0.0, 0.2596404115469871, 0.3422440726980614]","[(86, 89), (77, 78), (7, 8), (5, 12), (50, 61), (25, 27), (0, 1), (39, 40), (28, 37)]",67.94667172431946
11,ecodemo_NUTS1,10,mdd,full_order_CL,20.0,120.0,current-best,2.01489291,"[[0], [1, 3, 4, 36, 6, 7, 38, 39, 10, 11, 14, 15, 16, 17, 23, 24, 27, 29, 30], [2, 5, 9, 13, 18, 19, 20, 21, 31, 32, 40, 41, 42, 43, 44, 50, 51, 52, 53, 54, 55, 57, 62, 63, 64, 65], [8], [12], [33, 22, 25, 26, 28], [34, 35, 45, 46, 47, 48, 49, 56, 58, 59, 60, 61, 66, 67, 68, 69, 70, 71, 72, 73, 74, 75, 76, 77, 79, 80, 84, 88], [37], [78, 81, 82, 83, 85, 86], [87, 89, 90, 91, 92, 93]]","[0.0, 0.41318141811833103, 0.580342117225942, 0.0, 0.0, 0.03188183885082335, 0.3876030692814538, 0.0, 0.2596404115469871, 0.3422440726980614]","[(7, 8), (86, 89), (50, 61), (0, 1), (28, 37), (77, 78), (5, 12), (39, 40), (25, 27)]",141.49417304992676
12,ecodemo_NUTS1,15,mdd,full_order_CL,5.0,60.0,current-best,1.16237468,"[[0], [1, 3, 4, 36, 6, 7, 38, 39, 10, 11, 14, 15, 16, 17, 23, 27, 29, 30], [2, 5, 40, 9, 42, 43, 13, 18, 19, 20, 21, 52, 51, 62, 31], [8], [12], [33, 22, 25, 26, 28], [24], [32, 64, 65, 41, 44, 53, 54, 55, 63], [34, 35, 45, 46, 47, 48, 49, 50, 56, 57, 58, 59, 60, 61, 66, 67, 68, 69, 71, 72, 73, 74, 75, 77, 80, 84, 88], [37], [76, 70, 79], [78, 82, 83, 85, 86], [81], [89, 92, 87], [90, 91, 93]]","[0.0, 0.2529996986352865, 0.22777695856079982, 0.0, 0.0, 0.03188183885082335, 0.0, 0.14342027945236016, 0.30257694718536254, 0.0, 0.02886932619512495, 0.05935835736335536, 0.0, 0.05051082846535193, 0.06498045809565642]","[(86, 89), (39, 40), (77, 78), (0, 1), (50, 51), (7, 8), (28, 37), (25, 27), (5, 12), (89, 90), (81, 83), (15, 24), (41, 42), (77, 79)]",66.46159911155699
13,ecodemo_NUTS1,15,mdd,full_order_CL,5.0,120.0,current-best,1.16237468,"[[0], [1, 3, 4, 36, 6, 7, 38, 39, 10, 11, 14, 15, 16, 17, 23, 27, 29, 30], [2, 5, 40, 9, 42, 43, 13, 18, 19, 20, 21, 52, 51, 62, 31], [8], [12], [33, 22, 25, 26, 28], [24], [32, 64, 65, 41, 44, 53, 54, 55, 63], [34, 35, 45, 46, 47, 48, 49, 50, 56, 57, 58, 59, 60, 61, 66, 67, 68, 69, 71, 72, 73, 74, 75, 77, 80, 84, 88], [37], [76, 70, 79], [78, 82, 83, 85, 86], [81], [89, 92, 87], [90, 91, 93]]","[0.0, 0.2529996986352865, 0.22777695856079982, 0.0, 0.0, 0.03188183885082335, 0.0, 0.14342027945236016, 0.30257694718536254, 0.0, 0.02886932619512495, 0.05935835736335536, 0.0, 0.05051082846535193, 0.06498045809565642]","[(86, 89), (39, 40), (77, 78), (0, 1), (50, 51), (7, 8), (28, 37), (25, 27), (5, 12), (89, 90), (81, 83), (15, 24), (41, 42), (77, 79)]",133.58450675010678
14,ecodemo_NUTS1,15,mdd,full_order_CL,10.0,60.0,current-best,1.16237468,"[[0], [1, 3, 4, 36, 6, 7, 38, 39, 10, 11, 14, 15, 16, 17, 23, 27, 29, 30], [2, 5, 40, 9, 42, 43, 13, 18, 19, 20, 21, 52, 51, 62, 31], [8], [12], [33, 22, 25, 26, 28], [24], [32, 64, 65, 41, 44, 53, 54, 55, 63], [34, 35, 45, 46, 47, 48, 49, 50, 56, 57, 58, 59, 60, 61, 66, 67, 68, 69, 71, 72, 73, 74, 75, 77, 80, 84, 88], [37], [76, 70, 79], [78, 82, 83, 85, 86], [81], [89, 92, 87], [90, 91, 93]]","[0.0, 0.2529996986352865, 0.22777695856079982, 0.0, 0.0, 0.03188183885082335, 0.0, 0.14342027945236016, 0.30257694718536254, 0.0, 0.02886932619512495, 0.05935835736335536, 0.0, 0.05051082846535193, 0.06498045809565642]","[(50, 51), (7, 8), (86, 89), (0, 1), (77, 78), (28, 37), (41, 42), (25, 27), (89, 90), (39, 40), (5, 12), (81, 83), (77, 79), (15, 24)]",65.20566678047179
15,ecodemo_NUTS1,15,mdd,full_order_CL,10.0,120.0,current-best,1.16237468,"[[0], [1, 3, 4, 36, 6, 7, 38, 39, 10, 11, 14, 15, 16, 17, 23, 27, 29, 30], [2, 5, 40, 9, 42, 43, 13, 18, 19, 20, 21, 52, 51, 62, 31], [8], [12], [33, 22, 25, 26, 28], [24], [32, 64, 65, 41, 44, 53, 54, 55, 63], [34, 35, 45, 46, 47, 48, 49, 50, 56, 57, 58, 59, 60, 61, 66, 67, 68, 69, 71, 72, 73, 74, 75, 77, 80, 84, 88], [37], [76, 70, 79], [78, 82, 83, 85, 86], [81], [89, 92, 87], [90, 91, 93]]","[0.0, 0.2529996986352865, 0.22777695856079982, 0.0, 0.0, 0.03188183885082335, 0.0, 0.14342027945236016, 0.30257694718536254, 0.0, 0.02886932619512495, 0.05935835736335536, 0.0, 0.05051082846535193, 0.06498045809565642]","[(7, 8), (86, 89), (50, 51), (0, 1), (28, 37), (77, 78), (41, 42), (25, 27), (89, 90), (39, 40), (5, 12), (81, 83), (77, 79), (15, 24)]",131.11940336227414
16,ecodemo_NUTS1,15,mdd,full_order_CL,20.0,60.0,current-best,1.16237467,"[[0], [1, 3, 4, 36, 6, 7, 38, 39, 10, 11, 14, 15, 16, 17, 23, 27, 29, 30], [2, 5, 40, 9, 42, 43, 13, 18, 19, 20, 21, 52, 51, 62, 31], [8], [12], [33, 22, 25, 26, 28], [24], [32, 64, 65, 41, 44, 53, 54, 55, 63], [34, 35, 45, 46, 47, 48, 49, 50, 56, 57, 58, 59, 60, 61, 66, 67, 68, 69, 71, 72, 73, 74, 75, 77, 80, 84, 88], [37], [76, 70, 79], [78, 82, 83, 85, 86], [81], [89, 92, 87], [90, 91, 93]]","[0.0, 0.2529996986352865, 0.22777695856079982, 0.0, 0.0, 0.03188183885082335, 0.0, 0.14342027945236016, 0.30257694718536254, 0.0, 0.02886932619512495, 0.05935835736335536, 0.0, 0.05051082846535193, 0.06498045809565642]","[(50, 51), (77, 78), (86, 89), (7, 8), (0, 1), (15, 24), (5, 12), (28, 37), (39, 40), (25, 27), (81, 83), (89, 90), (77, 79), (41, 42)]",64.64147710800171
17,ecodemo_NUTS1,15,mdd,full_order_CL,20.0,120.0,current-best,1.16237466,"[[0], [1, 3, 4, 36, 6, 7, 38, 39, 10, 11, 14, 15, 16, 17, 23, 27, 29, 30], [2, 5, 40, 9, 42, 43, 13, 18, 19, 20, 21, 52, 51, 62, 31], [8], [12], [33, 22, 25, 26, 28], [24], [32, 64, 65, 41, 44, 53, 54, 55, 63], [34, 35, 45, 46, 47, 48, 49, 50, 56, 57, 58, 59, 60, 61, 66, 67, 68, 69, 71, 72, 73, 74, 75, 77, 80, 84, 88], [37], [76, 70, 79], [78, 82, 83, 85, 86], [81], [89, 92, 87], [90, 91, 93]]","[0.0, 0.2529996986352865, 0.22777695856079982, 0.0, 0.0, 0.03188183885082335, 0.0, 0.14342027945236016, 0.30257694718536254, 0.0, 0.02886932619512495, 0.05935835736335536, 0.0, 0.05051082846535193, 0.06498045809565642]","[(86, 89), (39, 40), (77, 78), (0, 1), (5, 12), (50, 51), (25, 27), (28, 37), (15, 24), (7, 8), (77, 79), (89, 90), (41, 42), (81, 83)]",135.64372253417972
18,ecodemo_NUTS1,20,mdd,full_order_CL,5.0,60.0,current-best,0.83615419,"[[0], [1, 3, 4, 36, 6, 7, 38, 39, 10, 11, 14, 15, 16, 17, 23, 27, 30], [2, 5, 9, 42, 13, 18, 19, 20, 21, 31], [8], [12], [33, 22, 25, 26, 28], [24], [29], [32, 64, 41, 44, 53, 54, 55, 63], [34, 35, 45, 46, 47, 48, 49, 56, 58, 59, 60, 61, 66, 67, 68, 69, 71, 72, 73, 74, 75, 77, 80, 84, 88], [37], [40, 43, 52, 62], [57, 50, 51], [65], [76, 70, 79], [78, 82, 83, 85, 86], [81], [89, 92, 87], [90, 93], [91]]","[0.0, 0.1887224837813554, 0.0871675947679577, 0.0, 0.0, 0.03188183885082335, 0.0, 0.0, 0.08239145981213278, 0.24158486672877136, 0.0, 0.047396097543956656, 0.013990188433240678, 0.0, 0.02886932619512495, 0.05935835736335536, 0.0, 0.05051082846535193, 0.00428115801344959, 0.0]","[(86, 89), (40, 51), (0, 1), (7, 8), (77, 78), (28, 37), (25, 27), (39, 40), (41, 42), (89, 90), (81, 83), (15, 24), (5, 12), (50, 61), (77, 79), (42, 43), (15, 29), (90, 91), (55, 65)]",66.30500864982605
19,ecodemo_NUTS1,20,mdd,full_order_CL,5.0,120.0,current-best,0.83615417,"[[0], [1, 3, 4, 36, 6, 7, 38, 39, 10, 11, 14, 15, 16, 17, 23, 27, 30], [2, 5, 9, 42, 13, 18, 19, 20, 21, 31], [8], [12], [33, 22, 25, 26, 28], [24], [29], [32, 64, 41, 44, 53, 54, 55, 63], [34, 35, 45, 46, 47, 48, 49, 56, 58, 59, 60, 61, 66, 67, 68, 69, 71, 72, 73, 74, 75, 77, 80, 84, 88], [37], [40, 43, 52, 62], [57, 50, 51], [65], [76, 70, 79], [78, 82, 83, 85, 86], [81], [89, 92, 87], [90, 93], [91]]","[0.0, 0.1887224837813554, 0.0871675947679577, 0.0, 0.0, 0.03188183885082335, 0.0, 0.0, 0.08239145981213278, 0.24158486672877136, 0.0, 0.047396097543956656, 0.013990188433240678, 0.0, 0.02886932619512495, 0.05935835736335536, 0.0, 0.05051082846535193, 0.00428115801344959, 0.0]","[(86, 89), (50, 61), (77, 78), (0, 1), (7, 8), (15, 24), (28, 37), (89, 90), (25, 27), (5, 12), (41, 42), (40, 51), (81, 83), (39, 40), (77, 79), (42, 43), (15, 29), (90, 91), (55, 65)]",133.3747091293335
20,ecodemo_NUTS1,20,mdd,full_order_CL,10.0,60.0,current-best,0.83615419,"[[0], [1, 3, 4, 36, 6, 7, 38, 39, 10, 11, 14, 15, 16, 17, 23, 27, 30], [2, 5, 9, 42, 13, 18, 19, 20, 21, 31], [8], [12], [33, 22, 25, 26, 28], [24], [29], [32, 64, 41, 44, 53, 54, 55, 63], [34, 35, 45, 46, 47, 48, 49, 56, 58, 59, 60, 61, 66, 67, 68, 69, 71, 72, 73, 74, 75, 77, 80, 84, 88], [37], [40, 43, 52, 62], [57, 50, 51], [65], [76, 70, 79], [78, 82, 83, 85, 86], [81], [89, 92, 87], [90, 93], [91]]","[0.0, 0.1887224837813554, 0.0871675947679577, 0.0, 0.0, 0.03188183885082335, 0.0, 0.0, 0.08239145981213278, 0.24158486672877136, 0.0, 0.047396097543956656, 0.013990188433240678, 0.0, 0.02886932619512495, 0.05935835736335536, 0.0, 0.05051082846535193, 0.00428115801344959, 0.0]","[(86, 89), (40, 51), (0, 1), (28, 37), (77, 78), (7, 8), (25, 27), (39, 40), (89, 90), (81, 83), (5, 12), (15, 24), (77, 79), (41, 42), (42, 43), (50, 61), (90, 91), (55, 65), (15, 29)]",64.42681217193604
21,ecodemo_NUTS1,20,mdd,full_order_CL,10.0,120.0,current-best,0.83615419,"[[0], [1, 3, 4, 36, 6, 7, 38, 39, 10, 11, 14, 15, 16, 17, 23, 27, 30], [2, 5, 9, 42, 13, 18, 19, 20, 21, 31], [8], [12], [33, 22, 25, 26, 28], [24], [29], [32, 64, 41, 44, 53, 54, 55, 63], [34, 35, 45, 46, 47, 48, 49, 56, 58, 59, 60, 61, 66, 67, 68, 69, 71, 72, 73, 74, 75, 77, 80, 84, 88], [37], [40, 43, 52, 62], [57, 50, 51], [65], [76, 70, 79], [78, 82, 83, 85, 86], [81], [89, 92, 87], [90, 93], [91]]","[0.0, 0.1887224837813554, 0.0871675947679577, 0.0, 0.0, 0.03188183885082335, 0.0, 0.0, 0.08239145981213278, 0.24158486672877136, 0.0, 0.047396097543956656, 0.013990188433240678, 0.0, 0.02886932619512495, 0.05935835736335536, 0.0, 0.05051082846535193, 0.00428115801344959, 0.0]","[(86, 89), (40, 51), (0, 1), (28, 37), (77, 78), (7, 8), (25, 27), (39, 40), (89, 90), (81, 83), (5, 12), (15, 24), (77, 79), (41, 42), (42, 43), (50, 61), (90, 91), (55, 65), (15, 29)]",130.1767821311951
22,ecodemo_NUTS1,20,mdd,full_order_CL,20.0,60.0,current-best,0.83615416,"[[0], [1, 3, 4, 36, 6, 7, 38, 39, 10, 11, 14, 15, 16, 17, 23, 27, 30], [2, 5, 9, 42, 13, 18, 19, 20, 21, 31], [8], [12], [33, 22, 25, 26, 28], [24], [29], [32, 64, 41, 44, 53, 54, 55, 63], [34, 35, 45, 46, 47, 48, 49, 56, 58, 59, 60, 61, 66, 67, 68, 69, 71, 72, 73, 74, 75, 77, 80, 84, 88], [37], [40, 43, 52, 62], [57, 50, 51], [65], [76, 70, 79], [78, 82, 83, 85, 86], [81], [89, 92, 87], [90, 93], [91]]","[0.0, 0.1887224837813554, 0.0871675947679577, 0.0, 0.0, 0.03188183885082335, 0.0, 0.0, 0.08239145981213278, 0.24158486672877136, 0.0, 0.047396097543956656, 0.013990188433240678, 0.0, 0.02886932619512495, 0.05935835736335536, 0.0, 0.05051082846535193, 0.00428115801344959, 0.0]","[(86, 89), (50, 61), (28, 37), (0, 1), (77, 78), (7, 8), (15, 24), (89, 90), (25, 27), (5, 12), (40, 51), (41, 42), (39, 40), (81, 83), (42, 43), (77, 79), (90, 91), (55, 65), (15, 29)]",63.097694873809814
23,ecodemo_NUTS1,20,mdd,full_order_CL,20.0,120.0,current-best,0.83615416,"[[0], [1, 3, 4, 36, 6, 7, 38, 39, 10, 11, 14, 15, 16, 17, 23, 27, 30], [2, 5, 9, 42, 13, 18, 19, 20, 21, 31], [8], [12], [33, 22, 25, 26, 28], [24], [29], [32, 64, 41, 44, 53, 54, 55, 63], [34, 35, 45, 46, 47, 48, 49, 56, 58, 59, 60, 61, 66, 67, 68, 69, 71, 72, 73, 74, 75, 77, 80, 84, 88], [37], [40, 43, 52, 62], [57, 50, 51], [65], [76, 70, 79], [78, 82, 83, 85, 86], [81], [89, 92, 87], [90, 93], [91]]","[0.0, 0.1887224837813554, 0.0871675947679577, 0.0, 0.0, 0.03188183885082335, 0.0, 0.0, 0.08239145981213278, 0.24158486672877136, 0.0, 0.047396097543956656, 0.013990188433240678, 0.0, 0.02886932619512495, 0.05935835736335536, 0.0, 0.05051082846535193, 0.00428115801344959, 0.0]","[(86, 89), (50, 61), (28, 37), (0, 1), (77, 78), (7, 8), (15, 24), (89, 90), (25, 27), (5, 12), (40, 51), (41, 42), (39, 40), (81, 83), (42, 43), (77, 79), (90, 91), (55, 65), (15, 29)]",127.49548554420471
24,ecodemo_NUTS1,5,mdd,MST,5.0,60.0,proved,3.62290927,"[[0], [1, 2, 3, 4, 5, 6, 7, 8, 9, 10, 11, 12, 13, 14, 15, 16, 17, 18, 19, 20, 21, 22, 23, 24, 25, 26, 27, 28, 29, 30, 31, 32, 33, 36, 37, 38, 39, 40, 41, 42, 43, 44, 51, 52, 53, 54, 55, 62, 63, 64, 65], [34, 35, 45, 46, 47, 48, 49, 50, 56, 57, 58, 59, 60, 61, 66, 67, 68, 69, 70, 71, 72, 73, 74, 75, 76, 77, 79, 80, 84, 88], [78, 81, 82, 83, 85, 86], [87, 89, 90, 91, 92, 93]]","[0.0, 2.5633705449906214, 0.4576542498218689, 0.2596404115469871, 0.3422440726980614]","[(86, 89), (77, 78), (0, 1), (50, 51)]",5.917021989822388
25,ecodemo_NUTS1,5,mdd,MST,5.0,120.0,proved,3.62290927,"[[0], [1, 2, 3, 4, 5, 6, 7, 8, 9, 10, 11, 12, 13, 14, 15, 16, 17, 18, 19, 20, 21, 22, 23, 24, 25, 26, 27, 28, 29, 30, 31, 32, 33, 36, 37, 38, 39, 40, 41, 42, 43, 44, 51, 52, 53, 54, 55, 62, 63, 64, 65], [34, 35, 45, 46, 47, 48, 49, 50, 56, 57, 58, 59, 60, 61, 66, 67, 68, 69, 70, 71, 72, 73, 74, 75, 76, 77, 79, 80, 84, 88], [78, 81, 82, 83, 85, 86], [87, 89, 90, 91, 92, 93]]","[0.0, 2.5633705449906214, 0.4576542498218689, 0.2596404115469871, 0.3422440726980614]","[(86, 89), (77, 78), (0, 1), (50, 51)]",5.463680505752564
26,ecodemo_NUTS1,5,mdd,MST,10.0,60.0,proved,3.62290927,"[[0], [1, 2, 3, 4, 5, 6, 7, 8, 9, 10, 11, 12, 13, 14, 15, 16, 17, 18, 19, 20, 21, 22, 23, 24, 25, 26, 27, 28, 29, 30, 31, 32, 33, 36, 37, 38, 39, 40, 41, 42, 43, 44, 51, 52, 53, 54, 55, 62, 63, 64, 65], [34, 35, 45, 46, 47, 48, 49, 50, 56, 57, 58, 59, 60, 61, 66, 67, 68, 69, 70, 71, 72, 73, 74, 75, 76, 77, 79, 80, 84, 88], [78, 81, 82, 83, 85, 86], [87, 89, 90, 91, 92, 93]]","[0.0, 2.5633705449906214, 0.4576542498218689, 0.2596404115469871, 0.3422440726980614]","[(86, 89), (77, 78), (0, 1), (50, 51)]",4.6367716789245605
27,ecodemo_NUTS1,5,mdd,MST,10.0,120.0,proved,3.62290927,"[[0], [1, 2, 3, 4, 5, 6, 7, 8, 9, 10, 11, 12, 13, 14, 15, 16, 17, 18, 19, 20, 21, 22, 23, 24, 25, 26, 27, 28, 29, 30, 31, 32, 33, 36, 37, 38, 39, 40, 41, 42, 43, 44, 51, 52, 53, 54, 55, 62, 63, 64, 65], [34, 35, 45, 46, 47, 48, 49, 50, 56, 57, 58, 59, 60, 61, 66, 67, 68, 69, 70, 71, 72, 73, 74, 75, 76, 77, 79, 80, 84, 88], [78, 81, 82, 83, 85, 86], [87, 89, 90, 91, 92, 93]]","[0.0, 2.5633705449906214, 0.4576542498218689, 0.2596404115469871, 0.3422440726980614]","[(86, 89), (77, 78), (0, 1), (50, 51)]",5.52226710319519
28,ecodemo_NUTS1,5,mdd,MST,20.0,60.0,proved,3.62290927,"[[0], [1, 2, 3, 4, 5, 6, 7, 8, 9, 10, 11, 12, 13, 14, 15, 16, 17, 18, 19, 20, 21, 22, 23, 24, 25, 26, 27, 28, 29, 30, 31, 32, 33, 36, 37, 38, 39, 40, 41, 42, 43, 44, 51, 52, 53, 54, 55, 62, 63, 64, 65], [34, 35, 45, 46, 47, 48, 49, 50, 56, 57, 58, 59, 60, 61, 66, 67, 68, 69, 70, 71, 72, 73, 74, 75, 76, 77, 79, 80, 84, 88], [78, 81, 82, 83, 85, 86], [87, 89, 90, 91, 92, 93]]","[0.0, 2.5633705449906214, 0.4576542498218689, 0.2596404115469871, 0.3422440726980614]","[(86, 89), (77, 78), (0, 1), (50, 51)]",4.711821794509888
29,ecodemo_NUTS1,5,mdd,MST,20.0,120.0,proved,3.62290927,"[[0], [1, 2, 3, 4, 5, 6, 7, 8, 9, 10, 11, 12, 13, 14, 15, 16, 17, 18, 19, 20, 21, 22, 23, 24, 25, 26, 27, 28, 29, 30, 31, 32, 33, 36, 37, 38, 39, 40, 41, 42, 43, 44, 51, 52, 53, 54, 55, 62, 63, 64, 65], [34, 35, 45, 46, 47, 48, 49, 50, 56, 57, 58, 59, 60, 61, 66, 67, 68, 69, 70, 71, 72, 73, 74, 75, 76, 77, 79, 80, 84, 88], [78, 81, 82, 83, 85, 86], [87, 89, 90, 91, 92, 93]]","[0.0, 2.5633705449906214, 0.4576542498218689, 0.2596404115469871, 0.3422440726980614]","[(86, 89), (77, 78), (0, 1), (50, 51)]",4.833132982254028
30,ecodemo_NUTS1,10,mdd,MST,5.0,60.0,current-best,2.01912737,"[[0], [1, 2, 3, 4, 36, 6, 7, 38, 39, 10, 11, 14, 15, 16, 17, 23, 24, 27, 29, 30], [5, 9, 12, 13, 18, 19, 31], [8], [32, 65, 64, 40, 41, 42, 43, 44, 50, 51, 20, 21, 53, 54, 55, 52, 57, 62, 63], [33, 22, 25, 26, 28], [34, 35, 45, 46, 47, 48, 49, 56, 58, 59, 60, 61, 66, 67, 68, 69, 70, 71, 72, 73, 74, 75, 76, 77, 79, 80, 84, 88], [37], [78, 81, 82, 83, 85, 86], [87, 89, 90, 91, 92, 93]]","[0.0, 0.44502049982530506, 0.17995117812182332, 0.0, 0.3727863349171628, 0.03188183885082335, 0.3876030692814538, 0.0, 0.2596404115469871, 0.3422440726980614]","[(86, 89), (50, 61), (77, 78), (0, 1), (39, 40), (7, 8), (28, 37), (31, 42), (25, 27)]",68.37119030952454
31,ecodemo_NUTS1,10,mdd,MST,5.0,120.0,current-best,2.01912737,"[[0], [1, 2, 3, 4, 36, 6, 7, 38, 39, 10, 11, 14, 15, 16, 17, 23, 24, 27, 29, 30], [5, 9, 12, 13, 18, 19, 31], [8], [32, 65, 64, 40, 41, 42, 43, 44, 50, 51, 20, 21, 53, 54, 55, 52, 57, 62, 63], [33, 22, 25, 26, 28], [34, 35, 45, 46, 47, 48, 49, 56, 58, 59, 60, 61, 66, 67, 68, 69, 70, 71, 72, 73, 74, 75, 76, 77, 79, 80, 84, 88], [37], [78, 81, 82, 83, 85, 86], [87, 89, 90, 91, 92, 93]]","[0.0, 0.44502049982530506, 0.17995117812182332, 0.0, 0.3727863349171628, 0.03188183885082335, 0.3876030692814538, 0.0, 0.2596404115469871, 0.3422440726980614]","[(86, 89), (50, 61), (77, 78), (0, 1), (39, 40), (7, 8), (28, 37), (31, 42), (25, 27)]",140.2240695953369
32,ecodemo_NUTS1,10,mdd,MST,10.0,60.0,current-best,2.01912737,"[[0], [1, 2, 3, 4, 36, 6, 7, 38, 39, 10, 11, 14, 15, 16, 17, 23, 24, 27, 29, 30], [5, 9, 12, 13, 18, 19, 31], [8], [32, 65, 64, 40, 41, 42, 43, 44, 50, 51, 20, 21, 53, 54, 55, 52, 57, 62, 63], [33, 22, 25, 26, 28], [34, 35, 45, 46, 47, 48, 49, 56, 58, 59, 60, 61, 66, 67, 68, 69, 70, 71, 72, 73, 74, 75, 76, 77, 79, 80, 84, 88], [37], [78, 81, 82, 83, 85, 86], [87, 89, 90, 91, 92, 93]]","[0.0, 0.44502049982530506, 0.17995117812182332, 0.0, 0.3727863349171628, 0.03188183885082335, 0.3876030692814538, 0.0, 0.2596404115469871, 0.3422440726980614]","[(86, 89), (50, 61), (0, 1), (39, 40), (77, 78), (7, 8), (28, 37), (31, 42), (25, 27)]",66.91317892074585
33,ecodemo_NUTS1,10,mdd,MST,10.0,120.0,current-best,2.01912737,"[[0], [1, 2, 3, 4, 36, 6, 7, 38, 39, 10, 11, 14, 15, 16, 17, 23, 24, 27, 29, 30], [5, 9, 12, 13, 18, 19, 31], [8], [32, 65, 64, 40, 41, 42, 43, 44, 50, 51, 20, 21, 53, 54, 55, 52, 57, 62, 63], [33, 22, 25, 26, 28], [34, 35, 45, 46, 47, 48, 49, 56, 58, 59, 60, 61, 66, 67, 68, 69, 70, 71, 72, 73, 74, 75, 76, 77, 79, 80, 84, 88], [37], [78, 81, 82, 83, 85, 86], [87, 89, 90, 91, 92, 93]]","[0.0, 0.44502049982530506, 0.17995117812182332, 0.0, 0.3727863349171628, 0.03188183885082335, 0.3876030692814538, 0.0, 0.2596404115469871, 0.3422440726980614]","[(86, 89), (50, 61), (0, 1), (39, 40), (77, 78), (7, 8), (28, 37), (31, 42), (25, 27)]",146.72294163703918
34,ecodemo_NUTS1,10,mdd,MST,20.0,60.0,current-best,2.01912737,"[[0], [1, 2, 3, 4, 36, 6, 7, 38, 39, 10, 11, 14, 15, 16, 17, 23, 24, 27, 29, 30], [5, 9, 12, 13, 18, 19, 31], [8], [32, 65, 64, 40, 41, 42, 43, 44, 50, 51, 20, 21, 53, 54, 55, 52, 57, 62, 63], [33, 22, 25, 26, 28], [34, 35, 45, 46, 47, 48, 49, 56, 58, 59, 60, 61, 66, 67, 68, 69, 70, 71, 72, 73, 74, 75, 76, 77, 79, 80, 84, 88], [37], [78, 81, 82, 83, 85, 86], [87, 89, 90, 91, 92, 93]]","[0.0, 0.44502049982530506, 0.17995117812182332, 0.0, 0.3727863349171628, 0.03188183885082335, 0.3876030692814538, 0.0, 0.2596404115469871, 0.3422440726980614]","[(86, 89), (50, 61), (0, 1), (39, 40), (77, 78), (7, 8), (31, 42), (28, 37), (25, 27)]",67.8840446472168
35,ecodemo_NUTS1,10,mdd,MST,20.0,120.0,current-best,2.01912737,"[[0], [1, 2, 3, 4, 36, 6, 7, 38, 39, 10, 11, 14, 15, 16, 17, 23, 24, 27, 29, 30], [5, 9, 12, 13, 18, 19, 31], [8], [32, 65, 64, 40, 41, 42, 43, 44, 50, 51, 20, 21, 53, 54, 55, 52, 57, 62, 63], [33, 22, 25, 26, 28], [34, 35, 45, 46, 47, 48, 49, 56, 58, 59, 60, 61, 66, 67, 68, 69, 70, 71, 72, 73, 74, 75, 76, 77, 79, 80, 84, 88], [37], [78, 81, 82, 83, 85, 86], [87, 89, 90, 91, 92, 93]]","[0.0, 0.44502049982530506, 0.17995117812182332, 0.0, 0.3727863349171628, 0.03188183885082335, 0.3876030692814538, 0.0, 0.2596404115469871, 0.3422440726980614]","[(86, 89), (50, 61), (0, 1), (39, 40), (77, 78), (7, 8), (31, 42), (28, 37), (25, 27)]",141.05065751075745
36,ecodemo_NUTS1,15,mdd,MST,5.0,60.0,current-best,1.18300457,"[[0], [1, 2, 3, 4, 36, 6, 7, 38, 39, 10, 11, 14, 15, 16, 17, 23, 27, 29, 30], [5, 9, 13, 18, 19, 31], [8], [12], [32, 65, 64, 40, 41, 42, 43, 44, 50, 51, 20, 21, 53, 54, 55, 52, 57, 62, 63], [33, 22, 25, 26, 28], [24], [34, 35, 45, 46, 47, 48, 49, 56, 58, 59, 60, 61, 66, 67, 68, 69, 71, 72, 73, 74, 75, 77, 79, 80, 84, 88], [37], [76, 70], [78, 82, 83, 85, 86], [81], [89, 92, 87], [90, 91, 93]]","[0.0, 0.28168512678609603, 0.035393204392677506, 0.0, 0.0, 0.3727863349171628, 0.03188183885082335, 0.0, 0.26842647450518103, 0.0, 0.01798197921708821, 0.05935835736335536, 0.0, 0.05051082846535193, 0.06498045809565642]","[(86, 89), (50, 61), (77, 78), (0, 1), (39, 40), (7, 8), (28, 37), (31, 42), (25, 27), (89, 90), (81, 83), (5, 12), (15, 24), (61, 70)]",66.55496621131897
37,ecodemo_NUTS1,15,mdd,MST,5.0,120.0,current-best,1.18300457,"[[0], [1, 2, 3, 4, 36, 6, 7, 38, 39, 10, 11, 14, 15, 16, 17, 23, 27, 29, 30], [5, 9, 13, 18, 19, 31], [8], [12], [32, 65, 64, 40, 41, 42, 43, 44, 50, 51, 20, 21, 53, 54, 55, 52, 57, 62, 63], [33, 22, 25, 26, 28], [24], [34, 35, 45, 46, 47, 48, 49, 56, 58, 59, 60, 61, 66, 67, 68, 69, 71, 72, 73, 74, 75, 77, 79, 80, 84, 88], [37], [76, 70], [78, 82, 83, 85, 86], [81], [89, 92, 87], [90, 91, 93]]","[0.0, 0.28168512678609603, 0.035393204392677506, 0.0, 0.0, 0.3727863349171628, 0.03188183885082335, 0.0, 0.26842647450518103, 0.0, 0.01798197921708821, 0.05935835736335536, 0.0, 0.05051082846535193, 0.06498045809565642]","[(86, 89), (50, 61), (77, 78), (0, 1), (39, 40), (7, 8), (28, 37), (31, 42), (25, 27), (89, 90), (81, 83), (5, 12), (15, 24), (61, 70)]",133.02609658241272
38,ecodemo_NUTS1,15,mdd,MST,10.0,60.0,current-best,1.18300457,"[[0], [1, 2, 3, 4, 36, 6, 7, 38, 39, 10, 11, 14, 15, 16, 17, 23, 27, 29, 30], [5, 9, 13, 18, 19, 31], [8], [12], [32, 65, 64, 40, 41, 42, 43, 44, 50, 51, 20, 21, 53, 54, 55, 52, 57, 62, 63], [33, 22, 25, 26, 28], [24], [34, 35, 45, 46, 47, 48, 49, 56, 58, 59, 60, 61, 66, 67, 68, 69, 71, 72, 73, 74, 75, 77, 79, 80, 84, 88], [37], [76, 70], [78, 82, 83, 85, 86], [81], [89, 92, 87], [90, 91, 93]]","[0.0, 0.28168512678609603, 0.035393204392677506, 0.0, 0.0, 0.3727863349171628, 0.03188183885082335, 0.0, 0.26842647450518103, 0.0, 0.01798197921708821, 0.05935835736335536, 0.0, 0.05051082846535193, 0.06498045809565642]","[(86, 89), (50, 61), (0, 1), (39, 40), (77, 78), (7, 8), (28, 37), (25, 27), (89, 90), (31, 42), (15, 24), (81, 83), (61, 70), (5, 12)]",64.85954189300537
39,ecodemo_NUTS1,15,mdd,MST,10.0,120.0,current-best,1.18300457,"[[0], [1, 2, 3, 4, 36, 6, 7, 38, 39, 10, 11, 14, 15, 16, 17, 23, 27, 29, 30], [5, 9, 13, 18, 19, 31], [8], [12], [32, 65, 64, 40, 41, 42, 43, 44, 50, 51, 20, 21, 53, 54, 55, 52, 57, 62, 63], [33, 22, 25, 26, 28], [24], [34, 35, 45, 46, 47, 48, 49, 56, 58, 59, 60, 61, 66, 67, 68, 69, 71, 72, 73, 74, 75, 77, 79, 80, 84, 88], [37], [76, 70], [78, 82, 83, 85, 86], [81], [89, 92, 87], [90, 91, 93]]","[0.0, 0.28168512678609603, 0.035393204392677506, 0.0, 0.0, 0.3727863349171628, 0.03188183885082335, 0.0, 0.26842647450518103, 0.0, 0.01798197921708821, 0.05935835736335536, 0.0, 0.05051082846535193, 0.06498045809565642]","[(86, 89), (50, 61), (0, 1), (39, 40), (77, 78), (7, 8), (28, 37), (25, 27), (89, 90), (31, 42), (15, 24), (81, 83), (61, 70), (5, 12)]",130.64977741241458
40,ecodemo_NUTS1,15,mdd,MST,20.0,60.0,current-best,1.18300457,"[[0], [1, 2, 3, 4, 36, 6, 7, 38, 39, 10, 11, 14, 15, 16, 17, 23, 27, 29, 30], [5, 9, 13, 18, 19, 31], [8], [12], [32, 65, 64, 40, 41, 42, 43, 44, 50, 51, 20, 21, 53, 54, 55, 52, 57, 62, 63], [33, 22, 25, 26, 28], [24], [34, 35, 45, 46, 47, 48, 49, 56, 58, 59, 60, 61, 66, 67, 68, 69, 71, 72, 73, 74, 75, 77, 79, 80, 84, 88], [37], [76, 70], [78, 82, 83, 85, 86], [81], [89, 92, 87], [90, 91, 93]]","[0.0, 0.28168512678609603, 0.035393204392677506, 0.0, 0.0, 0.3727863349171628, 0.03188183885082335, 0.0, 0.26842647450518103, 0.0, 0.01798197921708821, 0.05935835736335536, 0.0, 0.05051082846535193, 0.06498045809565642]","[(86, 89), (50, 61), (28, 37), (0, 1), (77, 78), (7, 8), (89, 90), (39, 40), (31, 42), (25, 27), (5, 12), (81, 83), (61, 70), (15, 24)]",64.44505381584167
41,ecodemo_NUTS1,15,mdd,MST,20.0,120.0,current-best,1.18300457,"[[0], [1, 2, 3, 4, 36, 6, 7, 38, 39, 10, 11, 14, 15, 16, 17, 23, 27, 29, 30], [5, 9, 13, 18, 19, 31], [8], [12], [32, 65, 64, 40, 41, 42, 43, 44, 50, 51, 20, 21, 53, 54, 55, 52, 57, 62, 63], [33, 22, 25, 26, 28], [24], [34, 35, 45, 46, 47, 48, 49, 56, 58, 59, 60, 61, 66, 67, 68, 69, 71, 72, 73, 74, 75, 77, 79, 80, 84, 88], [37], [76, 70], [78, 82, 83, 85, 86], [81], [89, 92, 87], [90, 91, 93]]","[0.0, 0.28168512678609603, 0.035393204392677506, 0.0, 0.0, 0.3727863349171628, 0.03188183885082335, 0.0, 0.26842647450518103, 0.0, 0.01798197921708821, 0.05935835736335536, 0.0, 0.05051082846535193, 0.06498045809565642]","[(86, 89), (50, 61), (28, 37), (0, 1), (77, 78), (7, 8), (89, 90), (39, 40), (31, 42), (25, 27), (5, 12), (81, 83), (61, 70), (15, 24)]",129.72031927108765
42,ecodemo_NUTS1,20,mdd,MST,5.0,60.0,current-best,0.85625088,"[[0], [1, 2, 3, 4, 36, 6, 7, 38, 39, 10, 11, 14, 15, 16, 17, 23, 27, 30], [5, 9, 13, 18, 19, 31], [8], [12], [32, 64, 41, 44, 20, 21, 53, 54, 55, 63], [33, 22, 25, 26, 28], [24], [29], [34, 35, 45, 46, 47, 48, 49, 56, 58, 59, 60, 61, 66, 67, 68, 69, 71, 72, 73, 74, 75, 77, 79, 80, 84, 88], [37], [40, 42, 43, 52, 62], [57, 50, 51], [65], [76, 70], [78, 82, 83, 85, 86], [81], [89, 92, 87], [90, 93], [91]]","[0.0, 0.21631614275663164, 0.035393204392677506, 0.0, 0.0, 0.10464811096388282, 0.03188183885082335, 0.0, 0.0, 0.26842647450518103, 0.0, 0.05346261408809044, 0.013990188433240678, 0.0, 0.01798197921708821, 0.05935835736335536, 0.0, 0.05051082846535193, 0.00428115801344959, 0.0]","[(86, 89), (40, 51), (0, 1), (7, 8), (77, 78), (41, 42), (28, 37), (89, 90), (25, 27), (15, 24), (81, 83), (39, 40), (5, 12), (50, 61), (61, 70), (15, 29), (31, 42), (90, 91), (55, 65)]",65.31531047821045
43,ecodemo_NUTS1,20,mdd,MST,5.0,120.0,current-best,0.85625088,"[[0], [1, 2, 3, 4, 36, 6, 7, 38, 39, 10, 11, 14, 15, 16, 17, 23, 27, 30], [5, 9, 13, 18, 19, 31], [8], [12], [32, 64, 41, 44, 20, 21, 53, 54, 55, 63], [33, 22, 25, 26, 28], [24], [29], [34, 35, 45, 46, 47, 48, 49, 56, 58, 59, 60, 61, 66, 67, 68, 69, 71, 72, 73, 74, 75, 77, 79, 80, 84, 88], [37], [40, 42, 43, 52, 62], [57, 50, 51], [65], [76, 70], [78, 82, 83, 85, 86], [81], [89, 92, 87], [90, 93], [91]]","[0.0, 0.21631614275663164, 0.035393204392677506, 0.0, 0.0, 0.10464811096388282, 0.03188183885082335, 0.0, 0.0, 0.26842647450518103, 0.0, 0.05346261408809044, 0.013990188433240678, 0.0, 0.01798197921708821, 0.05935835736335536, 0.0, 0.05051082846535193, 0.00428115801344959, 0.0]","[(86, 89), (40, 51), (0, 1), (7, 8), (77, 78), (41, 42), (28, 37), (89, 90), (25, 27), (15, 24), (81, 83), (39, 40), (5, 12), (50, 61), (61, 70), (15, 29), (31, 42), (90, 91), (55, 65)]",131.6367166042328
44,ecodemo_NUTS1,20,mdd,MST,10.0,60.0,current-best,0.85625087,"[[0], [1, 2, 3, 4, 36, 6, 7, 38, 39, 10, 11, 14, 15, 16, 17, 23, 27, 30], [5, 9, 13, 18, 19, 31], [8], [12], [32, 64, 41, 44, 20, 21, 53, 54, 55, 63], [33, 22, 25, 26, 28], [24], [29], [34, 35, 45, 46, 47, 48, 49, 56, 58, 59, 60, 61, 66, 67, 68, 69, 71, 72, 73, 74, 75, 77, 79, 80, 84, 88], [37], [40, 42, 43, 52, 62], [57, 50, 51], [65], [76, 70], [78, 82, 83, 85, 86], [81], [89, 92, 87], [90, 93], [91]]","[0.0, 0.21631614275663164, 0.035393204392677506, 0.0, 0.0, 0.10464811096388282, 0.03188183885082335, 0.0, 0.0, 0.26842647450518103, 0.0, 0.05346261408809044, 0.013990188433240678, 0.0, 0.01798197921708821, 0.05935835736335536, 0.0, 0.05051082846535193, 0.00428115801344959, 0.0]","[(86, 89), (50, 61), (0, 1), (39, 40), (77, 78), (7, 8), (28, 37), (25, 27), (89, 90), (5, 12), (81, 83), (15, 24), (41, 42), (40, 51), (61, 70), (90, 91), (55, 65), (31, 42), (15, 29)]",64.81607103347778
45,ecodemo_NUTS1,20,mdd,MST,10.0,120.0,current-best,0.85625087,"[[0], [1, 2, 3, 4, 36, 6, 7, 38, 39, 10, 11, 14, 15, 16, 17, 23, 27, 30], [5, 9, 13, 18, 19, 31], [8], [12], [32, 64, 41, 44, 20, 21, 53, 54, 55, 63], [33, 22, 25, 26, 28], [24], [29], [34, 35, 45, 46, 47, 48, 49, 56, 58, 59, 60, 61, 66, 67, 68, 69, 71, 72, 73, 74, 75, 77, 79, 80, 84, 88], [37], [40, 42, 43, 52, 62], [57, 50, 51], [65], [76, 70], [78, 82, 83, 85, 86], [81], [89, 92, 87], [90, 93], [91]]","[0.0, 0.21631614275663164, 0.035393204392677506, 0.0, 0.0, 0.10464811096388282, 0.03188183885082335, 0.0, 0.0, 0.26842647450518103, 0.0, 0.05346261408809044, 0.013990188433240678, 0.0, 0.01798197921708821, 0.05935835736335536, 0.0, 0.05051082846535193, 0.00428115801344959, 0.0]","[(86, 89), (50, 61), (0, 1), (39, 40), (77, 78), (7, 8), (28, 37), (25, 27), (89, 90), (5, 12), (81, 83), (15, 24), (41, 42), (40, 51), (61, 70), (90, 91), (55, 65), (31, 42), (15, 29)]",129.50666451454165
46,ecodemo_NUTS1,20,mdd,MST,20.0,60.0,current-best,0.85625086,"[[0], [1, 2, 3, 4, 36, 6, 7, 38, 39, 10, 11, 14, 15, 16, 17, 23, 27, 30], [5, 9, 13, 18, 19, 31], [8], [12], [32, 64, 41, 44, 20, 21, 53, 54, 55, 63], [33, 22, 25, 26, 28], [24], [29], [34, 35, 45, 46, 47, 48, 49, 56, 58, 59, 60, 61, 66, 67, 68, 69, 71, 72, 73, 74, 75, 77, 79, 80, 84, 88], [37], [40, 42, 43, 52, 62], [57, 50, 51], [65], [76, 70], [78, 82, 83, 85, 86], [81], [89, 92, 87], [90, 93], [91]]","[0.0, 0.21631614275663164, 0.035393204392677506, 0.0, 0.0, 0.10464811096388282, 0.03188183885082335, 0.0, 0.0, 0.26842647450518103, 0.0, 0.05346261408809044, 0.013990188433240678, 0.0, 0.01798197921708821, 0.05935835736335536, 0.0, 0.05051082846535193, 0.00428115801344959, 0.0]","[(86, 89), (50, 61), (28, 37), (0, 1), (77, 78), (7, 8), (39, 40), (31, 42), (25, 27), (81, 83), (89, 90), (5, 12), (15, 24), (40, 51), (61, 70), (55, 65), (15, 29), (90, 91), (41, 42)]",63.51568865776062
47,ecodemo_NUTS1,20,mdd,MST,20.0,120.0,current-best,0.85625086,"[[0], [1, 2, 3, 4, 36, 6, 7, 38, 39, 10, 11, 14, 15, 16, 17, 23, 27, 30], [5, 9, 13, 18, 19, 31], [8], [12], [32, 64, 41, 44, 20, 21, 53, 54, 55, 63], [33, 22, 25, 26, 28], [24], [29], [34, 35, 45, 46, 47, 48, 49, 56, 58, 59, 60, 61, 66, 67, 68, 69, 71, 72, 73, 74, 75, 77, 79, 80, 84, 88], [37], [40, 42, 43, 52, 62], [57, 50, 51], [65], [76, 70], [78, 82, 83, 85, 86], [81], [89, 92, 87], [90, 93], [91]]","[0.0, 0.21631614275663164, 0.035393204392677506, 0.0, 0.0, 0.10464811096388282, 0.03188183885082335, 0.0, 0.0, 0.26842647450518103, 0.0, 0.05346261408809044, 0.013990188433240678, 0.0, 0.01798197921708821, 0.05935835736335536, 0.0, 0.05051082846535193, 0.00428115801344959, 0.0]","[(86, 89), (50, 61), (28, 37), (0, 1), (77, 78), (7, 8), (39, 40), (31, 42), (25, 27), (81, 83), (89, 90), (5, 12), (15, 24), (40, 51), (61, 70), (55, 65), (15, 29), (90, 91), (41, 42)]",127.42092657089232
48,ecodemo_NUTS1,5,redcap,full_order_CL,,,False,3.6229092790575375,"[[1, 2, 3, 4, 5, 6, 7, 8, 9, 10, 11, 12, 13, 14, 15, 16, 17, 18, 19, 20, 21, 22, 23, 24, 25, 26, 27, 28, 29, 30, 31, 32, 33, 36, 37, 38, 39, 40, 41, 42, 43, 44, 51, 52, 53, 54, 55, 62, 63, 64, 65], [34, 35, 45, 46, 47, 48, 49, 50, 56, 57, 58, 59, 60, 61, 66, 67, 68, 69, 70, 71, 72, 73, 74, 75, 76, 77, 79, 80, 84, 88], [87, 89, 90, 91, 92, 93], [78, 81, 82, 83, 85, 86], [0]]","[2.5633705449906214, 0.4576542498218689, 0.3422440726980614, 0.2596404115469871, 0.0]",,0.008954763412475586
49,ecodemo_NUTS1,10,redcap,full_order_CL,,,False,2.0550008875904706,"[[1, 3, 4, 6, 7, 10, 11, 14, 15, 16, 17, 22, 23, 25, 26, 27, 28, 29, 30, 32, 33, 36, 38, 39, 40, 41, 42, 43, 44, 51, 52, 53, 54, 55, 62, 63, 64, 65], [34, 35, 45, 46, 47, 48, 49, 50, 56, 57, 58, 59, 60, 61, 66, 67, 68, 69, 70, 71, 72, 73, 74, 75, 76, 77, 79, 80, 84, 88], [2, 5, 9, 12, 13, 18, 19, 20, 21, 31], [78, 81, 82, 83, 85, 86], [87, 89, 92], [90, 91, 93], [37], [0], [24], [8]]","[0.9812630717576348, 0.4576542498218689, 0.24095186790297135, 0.2596404115469871, 0.05051082846535194, 0.06498045809565642, 0.0, 0.0, 0.0, 0.0]",,0.010138988494873049
50,ecodemo_NUTS1,15,redcap,full_order_CL,,,False,1.2113732411221338,"[[34, 35, 45, 46, 47, 48, 49, 50, 56, 57, 58, 59, 60, 61, 66, 67, 68, 69, 71, 72, 73, 74, 75, 77, 80, 84, 88], [1, 3, 4, 6, 7, 10, 11, 14, 15, 16, 17, 23, 27, 29, 30, 36, 38, 39, 40, 42, 43, 51, 52, 62], [32, 41, 44, 53, 54, 55, 63, 64, 65], [2, 5, 9, 13, 18, 19, 20, 21, 31], [78, 82, 83, 85, 86], [22, 25, 26, 28, 33], [90, 91, 93], [87, 89, 92], [70, 76, 79], [24], [8], [81], [37], [12], [0]]","[0.30257694718536254, 0.44758985389567785, 0.1434202794523602, 0.08218535161842146, 0.05935835736335536, 0.03188183885082335, 0.06498045809565642, 0.05051082846535194, 0.02886932619512495, 0.0, 0.0, 0.0, 0.0, 0.0, 0.0]",,0.013012170791625977
51,ecodemo_NUTS1,20,redcap,full_order_CL,,,False,0.8664706378611755,"[[34, 35, 45, 46, 47, 48, 49, 50, 56, 57, 58, 59, 60, 61, 66, 68, 69, 71, 72, 75], [1, 3, 4, 6, 7, 10, 11, 14, 15, 16, 17, 23, 27, 30, 36, 38, 39], [2, 5, 9, 13, 18, 19, 20, 21, 31], [32, 41, 44, 53, 54, 55, 63, 64], [67, 73, 74, 77, 80, 84, 88], [40, 42, 43, 51, 52, 62], [22, 25, 26, 28, 33], [78, 82, 83, 85, 86], [70, 76, 79], [87, 89, 92], [90, 93], [24], [37], [12], [0], [65], [29], [91], [8], [81]]","[0.18052646369260544, 0.18872248378135542, 0.08218535161842146, 0.08239145981213278, 0.06723667849056796, 0.09050669157798716, 0.03188183885082335, 0.05935835736335536, 0.02886932619512495, 0.05051082846535194, 0.00428115801344959, 0.0, 0.0, 0.0, 0.0, 0.0, 0.0, 0.0, 0.0, 0.0]",,0.010813236236572266
52,ecodemo_NUTS1,5,skater,MST,,,False,3.6229092790575375,"[[1, 2, 3, 4, 5, 6, 7, 8, 9, 10, 11, 12, 13, 14, 15, 16, 17, 18, 19, 20, 21, 22, 23, 24, 25, 26, 27, 28, 29, 30, 31, 32, 33, 36, 37, 38, 39, 40, 41, 42, 43, 44, 51, 52, 53, 54, 55, 62, 63, 64, 65], [34, 35, 45, 46, 47, 48, 49, 50, 56, 57, 58, 59, 60, 61, 66, 67, 68, 69, 70, 71, 72, 73, 74, 75, 76, 77, 79, 80, 84, 88], [87, 89, 90, 91, 92, 93], [78, 81, 82, 83, 85, 86], [0]]","[2.5633705449906214, 0.4576542498218689, 0.3422440726980614, 0.2596404115469871, 0.0]",,0.008433341979980469
53,ecodemo_NUTS1,10,skater,MST,,,False,2.038682925297542,"[[1, 2, 3, 4, 6, 7, 10, 11, 14, 15, 16, 17, 20, 21, 22, 23, 25, 26, 27, 28, 29, 30, 32, 33, 36, 38, 39, 40, 41, 42, 43, 44, 51, 52, 53, 54, 55, 62, 63, 64, 65], [34, 35, 45, 46, 47, 48, 49, 50, 56, 57, 58, 59, 60, 61, 66, 67, 68, 69, 70, 71, 72, 73, 74, 75, 76, 77, 79, 80, 84, 88], [5, 9, 12, 13, 18, 19, 31], [78, 81, 82, 83, 85, 86], [90, 91, 93], [87, 89, 92], [37], [0], [24], [8]]","[1.025945799245854, 0.4576542498218689, 0.17995117812182332, 0.2596404115469871, 0.06498045809565642, 0.05051082846535194, 0.0, 0.0, 0.0, 0.0]",,0.010242938995361328
54,ecodemo_NUTS1,15,skater,MST,,,False,1.1999921833915834,"[[34, 35, 45, 46, 47, 48, 49, 50, 56, 57, 58, 59, 60, 61, 66, 67, 68, 69, 71, 72, 73, 74, 75, 77, 79, 80, 84, 88], [1, 2, 3, 4, 6, 7, 10, 11, 14, 15, 16, 17, 23, 27, 29, 30, 36, 38, 39], [20, 21, 32, 40, 41, 42, 43, 44, 51, 52, 53, 54, 55, 62, 63, 64, 65], [5, 9, 13, 18, 19, 31], [78, 82, 83, 85, 86], [22, 25, 26, 28, 33], [90, 91, 93], [87, 89, 92], [70, 76], [24], [8], [81], [37], [12], [0]]","[0.3305909296602602, 0.2816851267860961, 0.3276094605602746, 0.035393204392677506, 0.05935835736335536, 0.03188183885082335, 0.06498045809565642, 0.05051082846535194, 0.01798197921708821, 0.0, 0.0, 0.0, 0.0, 0.0, 0.0]",,0.008872747421264648
55,ecodemo_NUTS1,20,skater,MST,,,False,0.882476105039175,"[[34, 35, 45, 46, 47, 48, 49, 56, 58, 59, 60, 61, 66, 67, 68, 69, 71, 72, 73, 74, 75, 77, 79, 80, 84, 88], [1, 2, 3, 4, 6, 7, 10, 11, 14, 15, 16, 17, 23, 27, 30, 36, 38, 39], [20, 21, 32, 40, 41, 42, 43, 44, 51, 53, 54, 55, 63, 64], [5, 9, 13, 18, 19, 31], [78, 82, 83, 85, 86], [22, 25, 26, 28, 33], [87, 89, 92], [70, 76], [52, 62], [50, 57], [90, 93], [81], [8], [24], [91], [0], [12], [37], [65], [29]]","[0.268426474505181, 0.21631614275663166, 0.1685420175544396, 0.035393204392677506, 0.05935835736335536, 0.03188183885082335, 0.05051082846535194, 0.01798197921708821, 0.019769335351729117, 0.010014768568447699, 0.00428115801344959, 0.0, 0.0, 0.0, 0.0, 0.0, 0.0, 0.0, 0.0, 0.0]",,0.008380889892578125
56,ecodemo_NUTS1,10,mdd,full_order_CL,50.0,1.0,current-best,2.01489291,"[[0], [1, 3, 4, 36, 6, 7, 38, 39, 10, 11, 14, 15, 16, 17, 23, 24, 27, 29, 30], [2, 5, 9, 13, 18, 19, 20, 21, 31, 32, 40, 41, 42, 43, 44, 50, 51, 52, 53, 54, 55, 57, 62, 63, 64, 65], [8], [12], [33, 22, 25, 26, 28], [34, 35, 45, 46, 47, 48, 49, 56, 58, 59, 60, 61, 66, 67, 68, 69, 70, 71, 72, 73, 74, 75, 76, 77, 79, 80, 84, 88], [37], [78, 81, 82, 83, 85, 86], [87, 89, 90, 91, 92, 93]]","[0.0, 0.41318141811833103, 0.580342117225942, 0.0, 0.0, 0.03188183885082335, 0.3876030692814538, 0.0, 0.2596404115469871, 0.3422440726980614]","[(86, 89), (50, 61), (0, 1), (7, 8), (77, 78), (28, 37), (25, 27), (39, 40), (5, 12)]",1.251429557800293
57,ecodemo_NUTS1,10,mdd,full_order_CL,50.0,5.0,current-best,2.0148929,"[[0], [1, 3, 4, 36, 6, 7, 38, 39, 10, 11, 14, 15, 16, 17, 23, 24, 27, 29, 30], [2, 5, 9, 13, 18, 19, 20, 21, 31, 32, 40, 41, 42, 43, 44, 50, 51, 52, 53, 54, 55, 57, 62, 63, 64, 65], [8], [12], [33, 22, 25, 26, 28], [34, 35, 45, 46, 47, 48, 49, 56, 58, 59, 60, 61, 66, 67, 68, 69, 70, 71, 72, 73, 74, 75, 76, 77, 79, 80, 84, 88], [37], [78, 81, 82, 83, 85, 86], [87, 89, 90, 91, 92, 93]]","[0.0, 0.41318141811833103, 0.580342117225942, 0.0, 0.0, 0.03188183885082335, 0.3876030692814538, 0.0, 0.2596404115469871, 0.3422440726980614]","[(86, 89), (50, 61), (28, 37), (0, 1), (77, 78), (7, 8), (5, 12), (39, 40), (25, 27)]",5.300574064254762
58,ecodemo_NUTS1,10,mdd,full_order_CL,50.0,10.0,current-best,2.0148929,"[[0], [1, 3, 4, 36, 6, 7, 38, 39, 10, 11, 14, 15, 16, 17, 23, 24, 27, 29, 30], [2, 5, 9, 13, 18, 19, 20, 21, 31, 32, 40, 41, 42, 43, 44, 50, 51, 52, 53, 54, 55, 57, 62, 63, 64, 65], [8], [12], [33, 22, 25, 26, 28], [34, 35, 45, 46, 47, 48, 49, 56, 58, 59, 60, 61, 66, 67, 68, 69, 70, 71, 72, 73, 74, 75, 76, 77, 79, 80, 84, 88], [37], [78, 81, 82, 83, 85, 86], [87, 89, 90, 91, 92, 93]]","[0.0, 0.41318141811833103, 0.580342117225942, 0.0, 0.0, 0.03188183885082335, 0.3876030692814538, 0.0, 0.2596404115469871, 0.3422440726980614]","[(86, 89), (50, 61), (28, 37), (0, 1), (77, 78), (7, 8), (5, 12), (39, 40), (25, 27)]",10.39254665374756
59,ecodemo_NUTS1,10,mdd,full_order_CL,50.0,15.0,current-best,2.0148929,"[[0], [1, 3, 4, 36, 6, 7, 38, 39, 10, 11, 14, 15, 16, 17, 23, 24, 27, 29, 30], [2, 5, 9, 13, 18, 19, 20, 21, 31, 32, 40, 41, 42, 43, 44, 50, 51, 52, 53, 54, 55, 57, 62, 63, 64, 65], [8], [12], [33, 22, 25, 26, 28], [34, 35, 45, 46, 47, 48, 49, 56, 58, 59, 60, 61, 66, 67, 68, 69, 70, 71, 72, 73, 74, 75, 76, 77, 79, 80, 84, 88], [37], [78, 81, 82, 83, 85, 86], [87, 89, 90, 91, 92, 93]]","[0.0, 0.41318141811833103, 0.580342117225942, 0.0, 0.0, 0.03188183885082335, 0.3876030692814538, 0.0, 0.2596404115469871, 0.3422440726980614]","[(86, 89), (50, 61), (28, 37), (0, 1), (77, 78), (7, 8), (5, 12), (39, 40), (25, 27)]",15.670547723770142
60,ecodemo_NUTS1,10,mdd,full_order_CL,50.0,20.0,current-best,2.0148929,"[[0], [1, 3, 4, 36, 6, 7, 38, 39, 10, 11, 14, 15, 16, 17, 23, 24, 27, 29, 30], [2, 5, 9, 13, 18, 19, 20, 21, 31, 32, 40, 41, 42, 43, 44, 50, 51, 52, 53, 54, 55, 57, 62, 63, 64, 65], [8], [12], [33, 22, 25, 26, 28], [34, 35, 45, 46, 47, 48, 49, 56, 58, 59, 60, 61, 66, 67, 68, 69, 70, 71, 72, 73, 74, 75, 76, 77, 79, 80, 84, 88], [37], [78, 81, 82, 83, 85, 86], [87, 89, 90, 91, 92, 93]]","[0.0, 0.41318141811833103, 0.580342117225942, 0.0, 0.0, 0.03188183885082335, 0.3876030692814538, 0.0, 0.2596404115469871, 0.3422440726980614]","[(86, 89), (50, 61), (28, 37), (0, 1), (77, 78), (7, 8), (5, 12), (39, 40), (25, 27)]",20.857056617736816
61,ecodemo_NUTS1,10,mdd,full_order_CL,50.0,30.0,current-best,2.0148929,"[[0], [1, 3, 4, 36, 6, 7, 38, 39, 10, 11, 14, 15, 16, 17, 23, 24, 27, 29, 30], [2, 5, 9, 13, 18, 19, 20, 21, 31, 32, 40, 41, 42, 43, 44, 50, 51, 52, 53, 54, 55, 57, 62, 63, 64, 65], [8], [12], [33, 22, 25, 26, 28], [34, 35, 45, 46, 47, 48, 49, 56, 58, 59, 60, 61, 66, 67, 68, 69, 70, 71, 72, 73, 74, 75, 76, 77, 79, 80, 84, 88], [37], [78, 81, 82, 83, 85, 86], [87, 89, 90, 91, 92, 93]]","[0.0, 0.41318141811833103, 0.580342117225942, 0.0, 0.0, 0.03188183885082335, 0.3876030692814538, 0.0, 0.2596404115469871, 0.3422440726980614]","[(86, 89), (50, 61), (28, 37), (0, 1), (77, 78), (7, 8), (5, 12), (39, 40), (25, 27)]",31.43109965324402
62,ecodemo_NUTS1,10,mdd,full_order_CL,50.0,40.0,current-best,2.0148929,"[[0], [1, 3, 4, 36, 6, 7, 38, 39, 10, 11, 14, 15, 16, 17, 23, 24, 27, 29, 30], [2, 5, 9, 13, 18, 19, 20, 21, 31, 32, 40, 41, 42, 43, 44, 50, 51, 52, 53, 54, 55, 57, 62, 63, 64, 65], [8], [12], [33, 22, 25, 26, 28], [34, 35, 45, 46, 47, 48, 49, 56, 58, 59, 60, 61, 66, 67, 68, 69, 70, 71, 72, 73, 74, 75, 76, 77, 79, 80, 84, 88], [37], [78, 81, 82, 83, 85, 86], [87, 89, 90, 91, 92, 93]]","[0.0, 0.41318141811833103, 0.580342117225942, 0.0, 0.0, 0.03188183885082335, 0.3876030692814538, 0.0, 0.2596404115469871, 0.3422440726980614]","[(86, 89), (50, 61), (28, 37), (0, 1), (77, 78), (7, 8), (5, 12), (39, 40), (25, 27)]",42.006825685501106
63,ecodemo_NUTS1,10,mdd,full_order_CL,50.0,50.0,current-best,2.0148929,"[[0], [1, 3, 4, 36, 6, 7, 38, 39, 10, 11, 14, 15, 16, 17, 23, 24, 27, 29, 30], [2, 5, 9, 13, 18, 19, 20, 21, 31, 32, 40, 41, 42, 43, 44, 50, 51, 52, 53, 54, 55, 57, 62, 63, 64, 65], [8], [12], [33, 22, 25, 26, 28], [34, 35, 45, 46, 47, 48, 49, 56, 58, 59, 60, 61, 66, 67, 68, 69, 70, 71, 72, 73, 74, 75, 76, 77, 79, 80, 84, 88], [37], [78, 81, 82, 83, 85, 86], [87, 89, 90, 91, 92, 93]]","[0.0, 0.41318141811833103, 0.580342117225942, 0.0, 0.0, 0.03188183885082335, 0.3876030692814538, 0.0, 0.2596404115469871, 0.3422440726980614]","[(86, 89), (50, 61), (28, 37), (0, 1), (77, 78), (7, 8), (5, 12), (39, 40), (25, 27)]",52.614123821258545
64,ecodemo_NUTS1,10,mdd,full_order_CL,50.0,60.0,current-best,2.0148929,"[[0], [1, 3, 4, 36, 6, 7, 38, 39, 10, 11, 14, 15, 16, 17, 23, 24, 27, 29, 30], [2, 5, 9, 13, 18, 19, 20, 21, 31, 32, 40, 41, 42, 43, 44, 50, 51, 52, 53, 54, 55, 57, 62, 63, 64, 65], [8], [12], [33, 22, 25, 26, 28], [34, 35, 45, 46, 47, 48, 49, 56, 58, 59, 60, 61, 66, 67, 68, 69, 70, 71, 72, 73, 74, 75, 76, 77, 79, 80, 84, 88], [37], [78, 81, 82, 83, 85, 86], [87, 89, 90, 91, 92, 93]]","[0.0, 0.41318141811833103, 0.580342117225942, 0.0, 0.0, 0.03188183885082335, 0.3876030692814538, 0.0, 0.2596404115469871, 0.3422440726980614]","[(86, 89), (50, 61), (28, 37), (0, 1), (77, 78), (7, 8), (5, 12), (39, 40), (25, 27)]",63.201646089553826
65,ecodemo_NUTS1,10,mdd,full_order_CL,50.0,80.0,current-best,2.0148929,"[[0], [1, 3, 4, 36, 6, 7, 38, 39, 10, 11, 14, 15, 16, 17, 23, 24, 27, 29, 30], [2, 5, 9, 13, 18, 19, 20, 21, 31, 32, 40, 41, 42, 43, 44, 50, 51, 52, 53, 54, 55, 57, 62, 63, 64, 65], [8], [12], [33, 22, 25, 26, 28], [34, 35, 45, 46, 47, 48, 49, 56, 58, 59, 60, 61, 66, 67, 68, 69, 70, 71, 72, 73, 74, 75, 76, 77, 79, 80, 84, 88], [37], [78, 81, 82, 83, 85, 86], [87, 89, 90, 91, 92, 93]]","[0.0, 0.41318141811833103, 0.580342117225942, 0.0, 0.0, 0.03188183885082335, 0.3876030692814538, 0.0, 0.2596404115469871, 0.3422440726980614]","[(86, 89), (50, 61), (28, 37), (0, 1), (77, 78), (7, 8), (5, 12), (39, 40), (25, 27)]",85.85625505447388
66,ecodemo_NUTS1,10,mdd,full_order_CL,50.0,100.0,current-best,2.0148929,"[[0], [1, 3, 4, 36, 6, 7, 38, 39, 10, 11, 14, 15, 16, 17, 23, 24, 27, 29, 30], [2, 5, 9, 13, 18, 19, 20, 21, 31, 32, 40, 41, 42, 43, 44, 50, 51, 52, 53, 54, 55, 57, 62, 63, 64, 65], [8], [12], [33, 22, 25, 26, 28], [34, 35, 45, 46, 47, 48, 49, 56, 58, 59, 60, 61, 66, 67, 68, 69, 70, 71, 72, 73, 74, 75, 76, 77, 79, 80, 84, 88], [37], [78, 81, 82, 83, 85, 86], [87, 89, 90, 91, 92, 93]]","[0.0, 0.41318141811833103, 0.580342117225942, 0.0, 0.0, 0.03188183885082335, 0.3876030692814538, 0.0, 0.2596404115469871, 0.3422440726980614]","[(86, 89), (50, 61), (28, 37), (0, 1), (77, 78), (7, 8), (5, 12), (39, 40), (25, 27)]",112.02051877975464
67,ecodemo_NUTS1,10,mdd,full_order_CL,50.0,3.0,current-best,2.0148929,"[[0], [1, 3, 4, 36, 6, 7, 38, 39, 10, 11, 14, 15, 16, 17, 23, 24, 27, 29, 30], [2, 5, 9, 13, 18, 19, 20, 21, 31, 32, 40, 41, 42, 43, 44, 50, 51, 52, 53, 54, 55, 57, 62, 63, 64, 65], [8], [12], [33, 22, 25, 26, 28], [34, 35, 45, 46, 47, 48, 49, 56, 58, 59, 60, 61, 66, 67, 68, 69, 70, 71, 72, 73, 74, 75, 76, 77, 79, 80, 84, 88], [37], [78, 81, 82, 83, 85, 86], [87, 89, 90, 91, 92, 93]]","[0.0, 0.41318141811833103, 0.580342117225942, 0.0, 0.0, 0.03188183885082335, 0.3876030692814538, 0.0, 0.2596404115469871, 0.3422440726980614]","[(86, 89), (50, 61), (28, 37), (0, 1), (77, 78), (7, 8), (5, 12), (39, 40), (25, 27)]",3.1882855892181396
